"","mean","med","1%","5%"
"t=1",2.48205496685305,2.48205496685305,5.7741232953911,4.08261711452115
"t=2",3.67486067253042,3.67486067253042,8.54900431293743,6.04460790575299
"t=3",2.00288308795897,2.00288308795897,4.65940281362571,3.29444951158908
"t=4",1.84818641325083,1.84818641325083,4.29952453329723,3.03999612511806
"t=5",1.84373537266568,1.84373537266568,4.28916986449469,3.03267481486786
"t=6",1.73466227862195,1.73466227862195,4.03542790405102,2.85326554052723
"t=7",2.67149528483224,2.67149528483224,6.21482737637962,4.39421870864007
"t=8",1.93150804594337,1.93150804594337,4.49335963637313,3.1770480148559
"t=9",3.19531695001947,3.19531695001947,7.43341879356446,5.25582867449904
"t=10",2.10076602238761,2.10076602238761,4.88711257003865,3.45545261130068
"t=11",1.98440011646581,1.98440011646581,4.61640499218663,3.26404772889171
"t=12",2.20222803547504,2.20222803547504,5.12314850848051,3.62234277152534
"t=13",2.30780820020225,2.30780820020225,5.36876470023453,3.79600668841102
"t=14",2.28615173295092,2.28615173295092,5.31838422368515,3.76038496970571
"t=15",2.99732863462715,2.99732863462715,6.9728290969666,4.93016687583197
"t=16",2.65754975863453,2.65754975863453,6.18238523115718,4.37128035929401
"t=17",1.31495087844592,1.31495087844592,3.05903318054081,2.1629017216748
"t=18",1.78573588015643,1.78573588015643,4.15424286840036,2.93727413925268
"t=19",2.35695838909888,2.35695838909888,5.4831051376829,3.87685155488299
"t=20",2.79716578761001,2.79716578761001,6.50718068334631,4.60092829093489
"t=21",2.38078888487079,2.38078888487079,5.53854316085924,3.91604923228548
"t=22",2.7903174254446,2.7903174254446,6.49124901058215,4.58966373758844
"t=23",2.09795200667874,2.09795200667874,4.88056619057679,3.45082396735564
"t=24",2.1823625056977,2.1823625056977,5.07693437551629,3.58966688281977
"t=25",2.25246441087446,2.25246441087446,5.24001579359046,3.70497425580597
"t=26",1.85553725591267,1.85553725591267,4.31662515049603,3.05208718533155
"t=27",2.21466052292332,2.21466052292332,5.15207079922485,3.64279239359667
"t=28",1.93344912410088,1.93344912410088,4.49787525941822,3.18024080430349
"t=29",2.57035104745737,2.57035104745737,5.97953069479111,4.22785124294878
"t=30",1.63853408512808,1.63853408512808,3.81180028548117,2.69514873280654
"t=31",2.49724792710419,2.49724792710419,5.80946740617173,4.10760731029437
"t=32",2.36020629723895,2.36020629723895,5.49066090187963,3.88219388836719
"t=33",1.84537814949339,1.84537814949339,4.29299153487536,3.03537694229119
"t=34",1.86908119197378,1.86908119197378,4.34813305735792,3.07436497768485
"t=35",1.88424740455559,1.88424740455559,4.38341494375488,3.09931117745717
"t=36",1.94385764790911,1.94385764790911,4.52208910665138,3.19736130244065
"t=37",1.85434462897524,1.85434462897524,4.3138506853556,3.0501254885879
"t=38",2.37342196990515,2.37342196990515,5.52140515389066,3.90393173548479
"t=39",2.08287861766283,2.08287861766283,4.84550024408504,3.42603044876237
"t=40",1.58326189206884,1.58326189206884,3.68321793666423,2.60423406558349
"t=41",2.70223965110594,2.70223965110594,6.28634946749918,4.44478869101369
"t=42",4.21885516491851,4.21885516491851,9.8145247437944,6.93939921959916
"t=43",2.92824946500187,2.92824946500187,6.81212691756833,4.81654175312704
"t=44",2.72751388504656,2.72751388504656,6.34514612789494,4.48636110637934
"t=45",1.57595963864604,1.57595963864604,3.66623035493839,2.59222292755607
"t=46",2.64245354948463,2.64245354948463,6.14726619709525,4.34644930492059
"t=47",1.56047879943215,1.56047879943215,3.63021653754478,2.56675921302685
"t=48",2.2347697185363,2.2347697185363,5.19885178368777,3.67586907693576
"t=49",2.79098439308818,2.79098439308818,6.49280060934186,4.59076080173605
"t=50",1.74016336451932,1.74016336451932,4.04822534353327,2.86231402161768
"t=51",2.01013736299926,2.01013736299926,4.67627878094339,3.3063817322
"t=52",2.56347359985582,2.56347359985582,5.96353135918441,4.2165388483172
"t=53",2.77631858446295,2.77631858446295,6.45868283662545,4.56663769322665
"t=54",3.55582695195595,3.55582695195595,8.27209047013985,5.84881485873654
"t=55",1.80963614725262,1.80963614725262,4.20984320394859,2.97658658027096
"t=56",2.03112843450497,2.03112843450497,4.72511131551455,3.34090897229977
"t=57",2.23031962769122,2.23031962769122,5.18849932431102,3.66854932886896
"t=58",2.32198155962015,2.32198155962015,5.40173686478438,3.81931979005564
"t=59",1.72007654294615,1.72007654294615,4.00149640887029,2.82927414029912
"t=60",1.74015973196944,1.74015973196944,4.04821689295858,2.86230804660483
"t=61",1.73149519774103,1.73149519774103,4.02806017217676,2.84805615605339
"t=62",1.72552650880554,1.72552650880554,4.01417492536088,2.8382385364097
"t=63",2.10478756875001,2.10478756875001,4.89646808586918,3.46206746642082
"t=64",2.07366167495158,2.07366167495158,4.82405842900358,3.41086992711437
"t=65",2.19698200928851,2.19698200928851,5.11094442661431,3.61371382632534
"t=66",2.05797685376094,2.05797685376094,4.78757007857203,3.38507069209087
"t=67",2.4586993745551,2.4586993745551,5.71979006290179,4.04420058382027
"t=68",2.11533960016904,2.11533960016904,4.92101578172766,3.47942401357213
"t=69",1.68030498433371,1.68030498433371,3.90897392804495,2.76385574786594
"t=70",2.38509214304713,2.38509214304713,5.54855403636921,3.92312746210453
"t=71",2.20980156698895,2.20980156698895,5.14076717741686,3.63480012230482
"t=72",1.81613740653953,1.81613740653953,4.22496739466927,2.98728020018878
"t=73",1.59900734179967,1.59900734179967,3.71984733017136,2.63013302568122
"t=74",3.24344218136543,3.24344218136543,7.54537482319385,5.33498763582632
"t=75",2.12723542220836,2.12723542220836,4.94868960203878,3.49899089959906
"t=76",2.23097612776075,2.23097612776075,5.19002657185208,3.66962917538941
"t=77",2.08381002747808,2.08381002747808,4.84766702732862,3.42756248157517
"t=78",2.01223480845079,2.01223480845079,4.68115816871047,3.30983172295828
"t=79",2.30922083054794,2.30922083054794,5.37205096983602,3.79833025855867
"t=80",2.17257210471162,2.17257210471162,5.05415849699631,3.5735631062485
"t=81",2.14925988744868,2.14925988744868,4.99992616992749,3.53521792113127
"t=82",1.90753281985822,1.90753281985822,4.4375849201403,3.13761227727276
"t=83",2.44783519774511,2.44783519774511,5.69451620827667,4.02633060319052
"t=84",1.59732736735061,1.59732736735061,3.71593912518334,2.62736971361549
"t=85",3.17402992519886,3.17402992519886,7.38389776862837,5.22081463451585
"t=86",2.04365839490804,2.04365839490804,4.75426036226003,3.36151892311431
"t=87",1.85659110383467,1.85659110383467,4.31907676736892,3.05382061090829
"t=88",1.66753052224143,1.66753052224143,3.87925608531456,2.7428436275611
"t=89",1.65307580837443,1.65307580837443,3.8456293924402,2.71906773903042
"t=90",2.28495876008948,2.28495876008948,5.31560895380515,3.75842270396772
"t=91",2.79508389845871,2.79508389845871,6.50233748494521,4.59750388801347
"t=92",2.04626531994577,2.04626531994577,4.76032497677935,3.36580693321782
"t=93",2.15932108524948,2.15932108524948,5.02333201604168,3.55176711882539
"t=94",2.83531068576291,2.83531068576291,6.59591898606983,4.66367106501139
"t=95",1.75346254617129,1.75346254617129,4.07916386649581,2.8841892287934
"t=96",1.97470607246681,1.97470607246681,4.5938532735387,3.24810244546013
"t=97",1.98818102865128,1.98818102865128,4.62520070921123,3.27026677601316
"t=98",1.65041941699494,1.65041941699494,3.83944970200191,2.71469836403526
"t=99",1.81103540177841,1.81103540177841,4.2130983567399,2.97888814915273
"t=100",2.38976995464294,2.38976995464294,5.55943625343027,3.93082177747409
"t=101",2.99376684083347,2.99376684083347,6.9645431255469,4.92430824639198
"t=102",2.00600095089012,2.00600095089012,4.66665604742713,3.29957793973971
"t=103",4.34066521440021,4.34066521440021,10.097897293443,7.13975892128827
"t=104",3.7793987758937,3.7793987758937,8.79219630745287,6.21655778422471
"t=105",2.45687434554819,2.45687434554819,5.71554441055151,4.04119867823896
"t=106",1.88879520562275,1.88879520562275,4.39399471109903,3.10679164453714
"t=107",1.73377688330371,1.73377688330371,4.03336816653473,2.85180919482672
"t=108",2.10926467692825,2.10926467692825,4.90688339696148,3.46943165404606
"t=109",1.85615345487762,1.85615345487762,4.31805864364812,3.05310074243396
"t=110",1.70728697111123,1.70728697111123,3.97174341562224,2.8082371666793
"t=111",2.20113744273117,2.20113744273117,5.12061141036936,3.62054890609506
"t=112",1.98283139894801,1.98283139894801,4.61275560952413,3.2614674181929
"t=113",2.25964057141819,2.25964057141819,5.25671003941513,3.7167779895039
"t=114",2.42810061314043,2.42810061314043,5.64860669933651,3.99387010012714
"t=115",2.15295599676301,2.15295599676301,5.00852460597311,3.54129747994256
"t=116",1.89853453471366,1.89853453471366,4.41665177862424,3.12281141531639
"t=117",2.2171413122427,2.2171413122427,5.15784197818393,3.64687292890635
"t=118",1.56220914836219,1.56220914836219,3.63424193109952,2.56960538374031
"t=119",2.05478113445993,2.05478113445993,4.78013572377008,3.37981420160787
"t=120",1.688112164379,1.688112164379,3.92713614474556,2.77669741627969
"t=121",2.43057939884411,2.43057939884411,5.65437321718846,3.99794733978226
"t=122",2.3772696638163,2.3772696638163,5.53035622844084,3.91026062876995
"t=123",1.73698666264339,1.73698666264339,4.04083522987774,2.85708881201531
"t=124",1.92284354745308,1.92284354745308,4.47320299873062,3.16279618308843
"t=125",1.9569806743338,1.9569806743338,4.55261783127546,3.2189467600519
"t=126",1.96475832024375,1.96475832024375,4.57071134130309,3.23173984913601
"t=127",3.200436566841,3.200436566841,7.44532880327314,5.26424969479654
"t=128",2.06923562488283,2.06923562488283,4.81376189683575,3.40358972260572
"t=129",2.20581921851422,2.20581921851422,5.13150284950898,3.62824974197237
"t=130",1.86541353655969,1.86541353655969,4.33960081498265,3.06833222137458
"t=131",1.61233639482177,1.61233639482177,3.7508553443323,2.65205736688845
"t=132",2.46084953139374,2.46084953139374,5.72479207569223,4.04773727709483
"t=133",5.51480846672085,5.51480846672085,12.8293629522985,9.07105270842848
"t=134",2.34682559260054,2.34682559260054,5.45953272809089,3.86018458781153
"t=135",2.2460677534091,2.2460677534091,5.22513494309494,3.6944526905737
"t=136",2.58580796331745,2.58580796331745,6.01548885814143,4.25327560706271
"t=137",1.6853092085758,1.6853092085758,3.92061549447175,2.77208696426061
"t=138",3.64224931930187,3.64224931930187,8.47313896068461,5.99096700311522
"t=139",3.35403479122647,3.35403479122647,7.8026517060287,5.51689629127028
"t=140",2.60225120935232,2.60225120935232,6.05374156859698,4.28032233994202
"t=141",1.80521443237288,1.80521443237288,4.19955675693849,2.96931350651367
"t=142",1.7775732382496,1.7775732382496,4.13525372375385,2.92384778810673
"t=143",1.83095572815279,1.83095572815279,4.25943996565114,3.01165417023969
"t=144",2.36760506961291,2.36760506961291,5.5078730202623,3.89436378594148
"t=145",1.73925034595069,1.73925034595069,4.04610134472718,2.86081223971359
"t=146",1.67872388519238,1.67872388519238,3.90529574141887,2.76125507120875
"t=147",1.90232584905543,1.90232584905543,4.42547169468304,3.12904757246236
"t=148",2.022472314541,2.022472314541,4.70497416923891,3.3266709219817
"t=149",1.5944335795809,1.5944335795809,3.70920716815735,2.62260985630686
"t=150",2.22696433044803,2.22696433044803,5.18069373570257,3.66303035602901
"t=151",2.40074791850244,2.40074791850244,5.58497481631613,3.94887892114494
"t=152",2.02360510992563,2.02360510992563,4.70760944537367,3.3285342045787
"t=153",1.84848205412846,1.84848205412846,4.3002122968244,3.04048241108791
"t=154",2.35041606478029,2.35041606478029,5.46788541541307,3.86609038899887
"t=155",2.19262973242905,2.19262973242905,5.10081951659505,3.60655496794755
"t=156",1.65256538128937,1.65256538128937,3.84444196147603,2.71822816118827
"t=157",2.18343279815837,2.18343279815837,5.07942424810677,3.5914273572556
"t=158",2.53920539248189,2.53920539248189,5.90707506655328,4.17662119939857
"t=159",2.00748811942536,2.00748811942536,4.67011571878743,3.30202411429879
"t=160",2.4467686390884,2.4467686390884,5.69203502181309,4.02457627031567
"t=161",1.83804059443108,1.83804059443108,4.27592182925551,3.023307738234
"t=162",2.33866707532275,2.33866707532275,5.44055317876638,3.84676502107661
"t=163",1.91456983527292,1.91456983527292,4.45395546598988,3.14918713760055
"t=164",2.26962456763864,2.26962456763864,5.27993628779702,3.73320020189859
"t=165",2.03690783514075,2.03690783514075,4.73855621189682,3.35041524039714
"t=166",4.02606388383944,4.02606388383944,9.3660251569225,6.62228578167164
"t=167",2.2521712284128,2.2521712284128,5.23933374919406,3.70449201357054
"t=168",1.68526854026388,1.68526854026388,3.92052088583079,2.77202007084026
"t=169",2.23735799475339,2.23735799475339,5.20487301456283,3.68012641245899
"t=170",2.23682135547129,2.23682135547129,5.20362460490979,3.67924371938946
"t=171",1.58478037192522,1.58478037192522,3.68675044904989,2.60673174268271
"t=172",2.25400520880613,2.25400520880613,5.24360022558313,3.70750864287228
"t=173",3.32746066013311,3.32746066013311,7.74083103265518,5.47318573535828
"t=174",2.26026185334013,2.26026185334013,5.25815535729342,3.71779990732657
"t=175",1.95095805543972,1.95095805543972,4.53860712461503,3.20904043352021
"t=176",2.25391756669476,2.25391756669476,5.24339633954366,3.70736448442752
"t=177",2.14829078187474,2.14829078187474,4.99767169323583,3.53362388431308
"t=178",1.82123540639227,1.82123540639227,4.23682711578858,2.99566566373677
"t=179",1.85515662527756,1.85515662527756,4.31573967122723,3.05146110365084
"t=180",1.98738177361123,1.98738177361123,4.623341363948,3.26895211846168
"t=181",1.72340676534591,1.72340676534591,4.00924366467005,2.83475186869192
"t=182",2.44668157002785,2.44668157002785,5.69183246888919,4.02443305445563
"t=183",2.7934502600084,2.7934502600084,6.49853707360937,4.59481679188335
"t=184",2.45333800237401,2.45333800237401,5.70731764612639,4.03538191134278
"t=185",1.93603854634169,1.93603854634169,4.50389915634311,3.18450002486798
"t=186",1.78418271399512,1.78418271399512,4.15062966360297,2.934719408259
"t=187",3.39390890498934,3.39390890498934,7.89541276581023,5.58248337191462
"t=188",3.83907667077969,3.83907667077969,8.93102785134811,6.31471918607675
"t=189",2.08323121880987,2.08323121880987,4.84632051701386,3.42661042603795
"t=190",1.79357665119268,1.79357665119268,4.17248322943138,2.95017105992976
"t=191",3.05255682326677,3.05255682326677,7.1013090761955,5.0210091622258
"t=192",2.48716342475474,2.48716342475474,5.78600734557034,4.09101978002889
"t=193",1.99720660710823,1.99720660710823,4.64619734446656,3.28511253147342
"t=194",1.84491443890133,1.84491443890133,4.29191278272535,3.03461420624199
"t=195",1.7953680005176,1.7953680005176,4.17665053112507,2.95311756736398
"t=196",1.64835717923529,1.64835717923529,3.83465221957397,2.71130628477666
"t=197",2.26040086477312,2.26040086477312,5.25847874624503,3.71802856078632
"t=198",1.7209221050438,1.7209221050438,4.00346348045853,2.83066496618225
"t=199",2.01680503930944,2.01680503930944,4.69179011555237,3.31734908376214
"t=200",2.12407080029037,2.12407080029037,4.94132759056773,3.49378555975934
"t=201",2.71108331930838,2.71108331930838,6.30692291622063,4.45933523073202
"t=202",3.79953716818391,3.79953716818391,8.83904521354378,6.24968249182422
"t=203",3.5112418057611,3.5112418057611,8.16836991007565,5.77547881930977
"t=204",2.05068902552828,2.05068902552828,4.77061605485659,3.37308328138977
"t=205",2.52445863405078,2.52445863405078,5.87276897642807,4.15236494030738
"t=206",2.37398833878227,2.37398833878227,5.52272272492388,3.90486332938652
"t=207",2.41345476652263,2.41345476652263,5.61453536519365,3.96977982619806
"t=208",2.9502271681418,2.9502271681418,6.86325470054422,4.85269185784882
"t=209",1.7738942662004,1.7738942662004,4.12669515494853,2.91779641758814
"t=210",1.58904611818763,1.58904611818763,3.69667405879864,2.61374827089408
"t=211",1.88886180666733,1.88886180666733,4.39414964829749,3.10690119350687
"t=212",2.006657715198,2.006657715198,4.66818390967853,3.30065822089359
"t=213",2.02468898640815,2.02468898640815,4.7101309191245,3.33031702274214
"t=214",2.21273998236281,2.21273998236281,5.14760295377488,3.63963338549
"t=215",2.7871165720702,2.7871165720702,6.4838027121395,4.58439880230622
"t=216",2.02433996830396,2.02433996830396,4.70931898159983,3.3297429390476
"t=217",3.06153774643493,3.06153774643493,7.12220182771469,5.03578146627234
"t=218",2.00495858731813,2.00495858731813,4.66423114714745,3.29786340423772
"t=219",1.67350785569594,1.67350785569594,3.89316144228891,2.75267546617326
"t=220",2.37265903849287,2.37265903849287,5.51963031002168,3.90267682498419
"t=221",1.43720113852903,1.43720113852903,3.34342981318608,2.36398550536826
"t=222",1.91389472804256,1.91389472804256,4.45238493171978,3.14807668502411
"t=223",2.03167462979279,2.03167462979279,4.72638195576116,3.34180738359996
"t=224",2.40994858771589,2.40994858771589,5.60637877358059,3.96401267527107
"t=225",2.38109047760973,2.38109047760973,5.53924477048628,3.91654530819597
"t=226",2.16364902736384,2.16364902736384,5.03340031497841,3.55888595010945
"t=227",2.10349173884793,2.10349173884793,4.89345353473134,3.45993601590647
"t=228",2.41188488534911,2.41188488534911,5.61088327546315,3.96719760145593
"t=229",2.09660168689087,2.09660168689087,4.87742487700902,3.44860288895502
"t=230",1.82072614600717,1.82072614600717,4.23564239897436,2.99482800494528
"t=231",1.57017684999827,1.57017684999827,3.65277757686162,2.58271108667489
"t=232",1.59136363867907,1.59136363867907,3.70206541766694,2.61756025287995
"t=233",1.94957319852924,1.94957319852924,4.53538546568551,3.20676254660821
"t=234",1.54339384221736,1.54339384221736,3.59047098365008,2.53865695918579
"t=235",2.38677739395428,2.38677739395428,5.55247451623428,3.92589945317148
"t=236",1.62929739225405,1.62929739225405,3.7903125246505,2.67995572503165
"t=237",2.38212649292442,2.38212649292442,5.54165490251108,3.91824940174392
"t=238",1.98453011382516,1.98453011382516,4.61670741126719,3.26426155551973
"t=239",1.88752629346843,1.88752629346843,4.39104278000646,3.10470446977781
"t=240",2.32946707766505,2.32946707766505,5.41915078377423,3.83163237156141
"t=241",2.48400089793691,2.48400089793691,5.77865020803106,4.08581788632223
"t=242",1.91779283142526,1.91779283142526,4.46145327623691,3.15448849451136
"t=243",2.10213443199008,2.10213443199008,4.89029596680817,3.45770344479846
"t=244",2.08325937759248,2.08325937759248,4.84638602413791,3.42665674311366
"t=245",2.4206915766913,2.4206915766913,5.63137070314437,3.98168331965156
"t=246",1.83569693810797,1.83569693810797,4.27046966935075,3.0194527666306
"t=247",2.76977464079498,2.76977464079498,6.44345934718563,4.55587386374983
"t=248",1.67867148901793,1.67867148901793,3.90517384968982,2.76116888717116
"t=249",2.78188820861351,2.78188820861351,6.47163971992732,4.57579890971146
"t=250",1.95339509969105,1.95339509969105,4.54427653732806,3.21304901459605
"t=251",1.6451809196934,1.6451809196934,3.82726313494129,2.70608180274905
"t=252",1.72659165020757,1.72659165020757,4.01665281479705,2.83999053810805
"t=253",1.62692866870745,1.62692866870745,3.78480204966367,2.67605952151478
"t=254",2.25996990075878,2.25996990075878,5.25747617402648,3.71731968806424
"t=255",2.14819781933086,2.14819781933086,4.99745543001952,3.53347097453561
"t=256",2.10507162332339,2.10507162332339,4.89712889562207,3.4625346946161
"t=257",1.96321753774667,1.96321753774667,4.56712694521666,3.22920548745735
"t=258",2.38152766778004,2.38152766778004,5.54026182690954,3.91726442203328
"t=259",1.92914779321918,1.92914779321918,4.48786886746602,3.17316574460199
"t=260",2.12599676262842,2.12599676262842,4.94580804895834,3.49695348589645
"t=261",2.15790924405889,2.15790924405889,5.02004758228947,3.54944484672237
"t=262",2.1124479930659,2.1124479930659,4.9142888976907,3.47466774314081
"t=263",2.4426823665986,2.4426823665986,5.6825289304937,4.01785495019011
"t=264",2.25434913353586,2.25434913353586,5.24440031414697,3.70807434871137
"t=265",2.14748622052309,2.14748622052309,4.9958000036459,3.53230049865572
"t=266",2.03102600371812,2.03102600371812,4.72487302587132,3.34074048864851
"t=267",1.75024350024841,1.75024350024841,4.07167524585668,2.87889436943183
"t=268",2.09632388020698,2.09632388020698,4.87677860202055,3.44814593762343
"t=269",1.63509012685247,1.63509012685247,3.80378844046841,2.68948392554582
"t=270",3.39627556248277,3.39627556248277,7.90091843443866,5.58637617707644
"t=271",1.88708521607089,1.88708521607089,4.39001668054043,3.10397896202071
"t=272",2.60600555732346,2.60600555732346,6.06247548801806,4.28649769281919
"t=273",1.85651918992084,1.85651918992084,4.31890947058838,3.05370232304631
"t=274",1.936603745942,1.936603745942,4.5052140072317,3.18542969548051
"t=275",2.40584763412925,2.40584763412925,5.59683852892276,3.95726720689011
"t=276",1.65550135183143,1.65550135183143,3.85127205030479,2.723057402983
"t=277",2.13373264306818,2.13373264306818,4.96380439797321,3.50967787689545
"t=278",3.02611944801593,3.02611944801593,7.0398065444855,4.97752354965739
"t=279",1.78125605473146,1.78125605473146,4.14382123604691,2.92990548215432
"t=280",2.57962166490549,2.57962166490549,6.00109737598259,4.2431000516824
"t=281",2.17736891570555,2.17736891570555,5.06531754805421,3.58145315820966
"t=282",1.90805669862178,1.90805669862178,4.43880364438817,3.13847398115709
"t=283",1.75319772250561,1.75319772250561,4.07854779452417,2.88375363262641
"t=284",1.8242109086056,1.8242109086056,4.24374916903676,3.00055992934437
"t=285",2.04161421139967,2.04161421139967,4.74950488030118,3.35815654045641
"t=286",2.36815470290384,2.36815470290384,5.50915165850017,3.89526785225357
"t=287",1.79880035523511,1.79880035523511,4.18463538222511,2.95876328847007
"t=288",2.79235041301216,2.79235041301216,6.4959784468879,4.59300770456249
"t=289",2.46624146333894,2.46624146333894,5.73733558510992,4.05660621591116
"t=290",1.70428104989798,1.70428104989798,3.96475059719827,2.80329286626936
"t=291",2.76250204680314,2.76250204680314,6.42654076361397,4.54391151114502
"t=292",2.02535059074924,2.02535059074924,4.71167004097685,3.33140526504219
"t=293",2.01873053486206,2.01873053486206,4.69626948803769,3.32051624210555
"t=294",1.64336486200022,1.64336486200022,3.82303835298763,2.70309465366566
"t=295",1.68929448704366,1.68929448704366,3.92988663856294,2.7786421640029
"t=296",2.25104471138552,2.25104471138552,5.23671307870259,3.70263905795241
"t=297",2.15053686025122,2.15053686025122,5.00289685289189,3.53731835447705
"t=298",2.31934681033955,2.31934681033955,5.39560752139683,3.81498601314534
"t=299",1.93701218000998,1.93701218000998,4.50616416695743,3.1861015097386
"t=300",2.14526795305498,2.14526795305498,4.99063954183741,3.52865177336525
"t=301",2.94600792297915,2.94600792297915,6.85343926853002,4.84575181714003
"t=302",2.61485392521946,2.61485392521946,6.08305986986164,4.30105196284552
"t=303",2.78742240098939,2.78742240098939,6.48451417659548,4.58490184611318
"t=304",2.62724344483764,2.62724344483764,6.11188220248577,4.32143090912566
"t=305",2.17110540177718,2.17110540177718,5.05074643574292,3.57115059460712
"t=306",2.83371230328702,2.83371230328702,6.59220059239513,4.66104195979866
"t=307",2.38750902636834,2.38750902636834,5.5541765477453,3.92710288140134
"t=308",2.05505804966076,2.05505804966076,4.78077992485884,3.38026968658033
"t=309",1.52472978693823,1.52472978693823,3.54705189833049,2.50795732016629
"t=310",2.11793778524711,2.11793778524711,4.92706006406039,3.48369764772128
"t=311",2.64109051905364,2.64109051905364,6.14409531414985,4.34420731937252
"t=312",1.57160895127457,1.57160895127457,3.65610914262115,2.58506668365338
"t=313",1.74638115632299,1.74638115632299,4.06269009027698,2.87254137901758
"t=314",1.73157289072466,1.73157289072466,4.02824091308407,2.84818394963931
"t=315",2.21558767662492,2.21558767662492,5.15422768126748,3.64431742572549
"t=316",1.73090086624339,1.73090086624339,4.02667755036075,2.84707856773388
"t=317",2.7891749980446,2.7891749980446,6.48859132702893,4.58778461173603
"t=318",1.71224361592951,1.71224361592951,3.98327429575763,2.81639012188616
"t=319",2.00992301462571,2.00992301462571,4.67578013206028,3.30602916050034
"t=320",1.88952863856774,1.88952863856774,4.39570093127135,3.10799803437683
"t=321",2.57580774852221,2.57580774852221,5.99222487971257,4.23682671748647
"t=322",2.5185018929635,2.5185018929635,5.85891152446347,4.14256697312516
"t=323",5.35523804859096,5.35523804859096,12.4581466493222,8.80858272741337
"t=324",2.18208412654205,2.18208412654205,5.07628676875937,3.58920898985593
"t=325",1.97698806258046,1.97698806258046,4.59916197638817,3.25185598517523
"t=326",1.98227966986281,1.98227966986281,4.61147209573972,3.26055990460601
"t=327",1.97181722129123,1.97181722129123,4.58713280074796,3.24335070812625
"t=328",1.92905660854039,1.92905660854039,4.48765674018238,3.17301575915237
"t=329",2.79024652675352,2.79024652675352,6.49108407556289,4.58954711961927
"t=330",1.75377765321194,1.75377765321194,4.07989691508993,2.8847075337521
"t=331",1.95822302932758,1.95822302932758,4.55550798117403,3.22099025216937
"t=332",1.73435343130951,1.73435343130951,4.03470941776231,2.85275753190517
"t=333",2.06911152840945,2.06911152840945,4.81347320526871,3.40338560207138
"t=334",1.70753786628783,1.70753786628783,3.97232708508292,2.80864985252051
"t=335",1.41747215650167,1.41747215650167,3.29753333778975,2.3315342177245
"t=336",1.9234872078133,1.9234872078133,4.47470037664121,3.16385491016646
"t=337",1.7717218006105,1.7717218006105,4.12164124424204,2.91422302968317
"t=338",2.89770889274753,2.89770889274753,6.74107892223245,4.76630698208531
"t=339",5.35496985314072,5.35496985314072,12.4575227334067,8.80814158515431
"t=340",1.81067570394606,1.81067570394606,4.21226157445233,2.97829649886859
"t=341",2.05485705098463,2.05485705098463,4.78031233201592,3.37993907317887
"t=342",1.93114046266252,1.93114046266252,4.49250450978921,3.1764433941632
"t=343",1.93380263476797,1.93380263476797,4.49869764820705,3.18082227760641
"t=344",2.38513671716876,2.38513671716876,5.5486577312823,3.92320078001017
"t=345",2.40791316573022,2.40791316573022,5.60164367397146,3.96066470403556
"t=346",2.48255132894803,2.48255132894803,5.77527800629551,4.08343355751336
"t=347",2.52254018309387,2.52254018309387,5.86830599212302,4.14920936929278
"t=348",1.67068891533442,1.67068891533442,3.88660360637183,2.74803872189544
"t=349",1.92996640029453,1.92996640029453,4.48977323229543,3.17451223341893
"t=350",2.70157924713256,2.70157924713256,6.28481313811968,4.44370242314282
"t=351",1.66629523670008,1.66629523670008,3.8763823814216,2.74081176365808
"t=352",2.50950670661749,2.50950670661749,5.83798559183083,4.12777120823882
"t=353",2.32183775009952,2.32183775009952,5.40140231381179,3.81908324444405
"t=354",1.98534705236641,1.98534705236641,4.61860789450586,3.26560529984231
"t=355",1.92803136568744,1.92803136568744,4.48527166865104,3.17132938472719
"t=356",2.33197028578127,2.33197028578127,5.42497411665367,3.83574978251038
"t=357",2.0744991075337,2.0744991075337,4.82600658851064,3.41224738113439
"t=358",2.64350927827353,2.64350927827353,6.14972218951887,4.34818582424809
"t=359",1.51697313417497,1.51697313417497,3.52900722566501,2.49519876173564
"t=360",1.92805577585614,1.92805577585614,4.4853284551951,3.17136953588171
"t=361",1.85178143955988,1.85178143955988,4.30788781510842,3.04590941718149
"t=362",2.54372583458651,2.54372583458651,5.91759118743308,4.18405666498978
"t=363",2.45935894761289,2.45935894761289,5.72132445928257,4.04528548495662
"t=364",1.74832519476755,1.74832519476755,4.06721259997954,2.87573903770405
"t=365",1.74487991542788,1.74487991542788,4.0591976817122,2.87007205748632
"t=366",1.89128474429661,1.89128474429661,4.39978624410029,3.11088657125426
"t=367",1.82556799368867,1.82556799368867,4.24690622103464,3.00279213566533
"t=368",1.58401768379628,1.58401768379628,3.68497617114257,2.60547723234758
"t=369",2.03402084696164,2.03402084696164,4.73184007308397,3.34566656741976
"t=370",1.91487189876469,1.91487189876469,4.45465817075179,3.14968398783056
"t=371",2.24258032440135,2.24258032440135,5.21702197003691,3.68871638032158
"t=372",1.39547143573774,1.39547143573774,3.24635200781321,2.2953462523804
"t=373",2.26268994189443,2.26268994189443,5.2638039359397,3.72179375759167
"t=374",3.46161414437827,3.46161414437827,8.05291870552409,5.69384858048711
"t=375",1.81843440995561,1.81843440995561,4.23031102368295,2.99105843458885
"t=376",1.64859036470923,1.64859036470923,3.83519469010553,2.71168984074922
"t=377",1.99976037586211,1.99976037586211,4.65213829897794,3.28931310727063
"t=378",2.89347982158399,2.89347982158399,6.73124063152199,4.75935077904333
"t=379",2.02714213650057,2.02714213650057,4.71583779962672,3.33435209556913
"t=380",2.2353281253178,2.2353281253178,5.20015083211676,3.67678757435562
"t=381",2.0686385196696,2.0686385196696,4.81237282239236,3.40260757193006
"t=382",1.61995392234198,1.61995392234198,3.76857636328439,2.66458708465847
"t=383",1.87151521611295,1.87151521611295,4.35379544423944,3.07836859111825
"t=384",1.91039866621184,1.91039866621184,4.44425187571238,3.14232617504181
"t=385",1.74340993948877,1.74340993948877,4.05577800631136,2.86765416223134
"t=386",1.56301213238681,1.56301213238681,3.63610995127811,2.57092617492561
"t=387",2.41070062347207,2.41070062347207,5.60812827036318,3.96524966401221
"t=388",1.94475432379164,1.94475432379164,4.52417508668441,3.19883620301824
"t=389",2.41237531309689,2.41237531309689,5.61202418101155,3.96800428331561
"t=390",2.42156180185268,2.42156180185268,5.63339514959848,3.98311471266452
"t=391",2.29017519594812,2.29017519594812,5.32774419827498,3.76700297740957
"t=392",2.42233378672712,2.42233378672712,5.63519105496994,3.9843845147852
"t=393",3.0154171478524,3.0154171478524,7.01490927125272,4.95991983241668
"t=394",2.30366790657418,2.30366790657418,5.35913293695496,3.78919651142024
"t=395",2.04370818153605,2.04370818153605,4.75437618327626,3.36160081482997
"t=396",2.1030014081279,2.1030014081279,4.89231285490323,3.45912949364323
"t=397",2.40104399082227,2.40104399082227,5.58566358352793,3.94936591677405
"t=398",2.03815912761962,2.03815912761962,4.74146715349483,3.35247343336937
"t=399",1.9681798880544,1.9681798880544,4.57867109830529,3.23736782735922
"t=400",2.04605101597991,2.04605101597991,4.75982643120396,3.36545443456229
"t=401",2.04861829985044,2.04861829985044,4.76579882657823,3.36967724074815
"t=402",1.72128848016859,1.72128848016859,4.00431579645118,2.83126759963509
"t=403",2.91969900357343,2.91969900357343,6.79223556980221,4.80247749563435
"t=404",1.97403773222086,1.97403773222086,4.5922984816284,3.24700312358254
"t=405",1.63200920510595,1.63200920510595,3.79662114471331,2.68441626023671
"t=406",1.70765105878295,1.70765105878295,3.97259041020332,2.80883603760667
"t=407",2.27675352193193,2.27675352193193,5.29652071546133,3.74492628822427
"t=408",2.80515170661834,2.80515170661834,6.5257587090536,4.61406395878028
"t=409",1.78488675996282,1.78488675996282,4.15226751944315,2.93587746082251
"t=410",1.61790358714144,1.61790358714144,3.76380657034954,2.66121458336739
"t=411",1.90251359731283,1.90251359731283,4.42590846244249,3.1293563908645
"t=412",2.23856106159055,2.23856106159055,5.20767176654179,3.68210528130956
"t=413",2.07845675939024,2.07845675939024,4.8352134634933,3.41875713914484
"t=414",1.46437629836397,1.46437629836397,3.40664868849481,2.40868466558574
"t=415",1.49309983152287,1.49309983152287,3.47346961879397,2.45593067328103
"t=416",1.72527023484168,1.72527023484168,4.01357874296989,2.83781700325076
"t=417",1.85832914435812,1.85832914435812,4.32312005424564,3.05667943316707
"t=418",2.77344323620579,2.77344323620579,6.45199377632029,4.56190816621713
"t=419",3.53560736105951,3.53560736105951,8.22505266784395,5.81555659131507
"t=420",2.39565075993862,2.39565075993862,5.57311705232754,3.9404948413941
"t=421",1.82677952387357,1.82677952387357,4.24972466170461,3.00478492548412
"t=422",2.61557888422697,2.61557888422697,6.08474637670752,4.30224441429842
"t=423",1.71895436282255,1.71895436282255,3.99888582752546,2.82742831825273
"t=424",2.05317160683526,2.05317160683526,4.77639140260223,3.37716676425676
"t=425",2.04020694619463,2.04020694619463,4.74623109188324,3.35584179517983
"t=426",5.18028630814803,5.18028630814803,12.051148039883,8.52081272260434
"t=427",2.18057273930362,2.18057273930362,5.07277075627039,3.58672297907506
"t=428",1.89586358476683,1.89586358476683,4.41043821989375,3.11841809360893
"t=429",4.57848253662204,4.57848253662204,10.6511431154038,7.53093360629673
"t=430",2.39247872571061,2.39247872571061,5.56573779724482,3.93527730938934
"t=431",1.58791947794027,1.58791947794027,3.69405310165439,2.61189511259694
"t=432",1.84466622605789,1.84466622605789,4.29133535330472,3.03420593244621
"t=433",2.19680569599549,2.19680569599549,5.11053426055991,3.61342381676583
"t=434",1.87683570765189,1.87683570765189,4.36617275841992,3.08712002092325
"t=435",2.04241606393709,2.04241606393709,4.75137026824691,3.35947547051087
"t=436",2.23189741395886,2.23189741395886,5.19216980404045,3.67114455633385
"t=437",1.99124774293171,1.99124774293171,4.6323349534578,3.27531107212015
"t=438",2.11720576151271,2.11720576151271,4.92535712220211,3.48249357582673
"t=439",1.58556372489393,1.58556372489393,3.68857280056326,2.60802024365446
"t=440",2.51327630322432,2.51327630322432,5.84675498488312,4.13397164288971
"t=441",2.09941334833523,2.09941334833523,4.88396577963262,3.45322766047953
"t=442",1.91472754665571,1.91472754665571,4.45432235752994,3.14944654974054
"t=443",1.99139759848634,1.99139759848634,4.63268356960872,3.2755575625727
"t=444",2.11753442313975,2.11753442313975,4.92612170347946,3.48303417609601
"t=445",2.56876301493567,2.56876301493567,5.97583637871034,4.22523916189574
"t=446",2.10778881749782,2.10778881749782,4.90345003451312,3.46700408130905
"t=447",2.41521469006914,2.41521469006914,5.61862955959454,3.97267464282669
"t=448",2.21714669027707,2.21714669027707,5.15785448936275,3.64688177498569
"t=449",1.78937745013301,1.78937745013301,4.16271442697354,2.94326398883646
"t=450",2.33346429716176,2.33346429716176,5.42844970685245,3.83820721254828
"t=451",1.57887587998327,1.57887587998327,3.67301454677344,2.59701971769668
"t=452",2.44411557150168,2.44411557150168,5.68586306367304,4.0202123624731
"t=453",2.28485382164032,2.28485382164032,5.31536483046706,3.75825009557902
"t=454",1.99774152958935,1.99774152958935,4.64744176024329,3.28599240065663
"t=455",2.61279926084049,2.61279926084049,6.07828000575174,4.2976723406896
"t=456",2.4286459621011,2.4286459621011,5.64987537073176,3.99476711934304
"t=457",2.47564620894851,2.47564620894851,5.75921429506464,4.07207564583763
"t=458",2.52802407164228,2.52802407164228,5.88106342458908,4.15822956326143
"t=459",1.77463578672038,1.77463578672038,4.12842018963375,2.91901611030489
"t=460",1.58251695642339,1.58251695642339,3.68148495720914,2.60300875548522
"t=461",2.18234986519052,2.18234986519052,5.07690496929929,3.58964609103569
"t=462",1.74942113738109,1.74942113738109,4.06976214374861,2.87754170288686
"t=463",2.0475325331106,2.0475325331106,4.76327295543129,3.3678913133881
"t=464",1.86527182735886,1.86527182735886,4.33927115008456,3.06809913048162
"t=465",1.28131324659953,1.28131324659953,2.98078034720717,2.1075727409302
"t=466",1.64120970641869,1.64120970641869,3.81802471138231,2.69954973819074
"t=467",1.60671253396677,1.60671253396677,3.73777228758836,2.64280693896362
"t=468",2.04297955749458,2.04297955749458,4.75268115028641,3.36040233493267
"t=469",2.2270282863234,2.2270282863234,5.18084251931727,3.66313555408257
"t=470",1.52888226585609,1.52888226585609,3.55671200883305,2.51478754017517
"t=471",1.46315106559047,1.46315106559047,3.40379837083698,2.40666933701439
"t=472",2.21009552123517,2.21009552123517,5.14145101725263,3.63528363401288
"t=473",1.93651646738293,1.93651646738293,4.50501096694135,3.18528613502606
"t=474",2.10554384249672,2.10554384249672,4.89822744169203,3.46331142603607
"t=475",2.07889064205641,2.07889064205641,4.83622282551132,3.41947081262196
"t=476",2.32672271478868,2.32672271478868,5.41276644103118,3.82711829633054
"t=477",2.36966952341083,2.36966952341083,5.51267565796615,3.89775951025867
"t=478",2.8310366929247,2.8310366929247,6.58597619191698,4.65664097238989
"t=479",2.31825472909386,2.31825472909386,5.39306696051264,3.81318969934744
"t=480",2.14134947526666,2.14134947526666,4.98152379936507,3.522206450963
"t=481",1.84406448578703,1.84406448578703,4.28993549610487,3.03321615777919
"t=482",2.86819098576343,2.86819098576343,6.67241000207387,4.7177543457225
"t=483",1.83366640853119,1.83366640853119,4.26574595118665,3.01611284269161
"t=484",2.48695349613675,2.48695349613675,5.78551897857616,4.09067447818018
"t=485",1.76393058718624,1.76393058718624,4.10351617145633,2.90140762402393
"t=486",1.89541797354006,1.89541797354006,4.40940157316372,3.11768512836638
"t=487",2.5846311375346,2.5846311375346,6.01275115198337,4.25133990090549
"t=488",2.42921015259769,2.42921015259769,5.65118787409407,3.99569513012765
"t=489",2.40511679383263,2.40511679383263,5.59513834015246,3.95606508157749
"t=490",1.9691139221377,1.9691139221377,4.58084398650926,3.23890417670883
"t=491",1.76679742235827,1.76679742235827,4.11018542736401,2.90612314825452
"t=492",2.34687643569567,2.34687643569567,5.45965100681717,3.86026821726097
"t=493",1.99479537392672,1.99479537392672,4.64058797728094,3.28114640582939
"t=494",2.47370545878888,2.47370545878888,5.75469943505674,4.06888339589855
"t=495",2.64047082931639,2.64047082931639,6.14265370024704,4.34318802046062
"t=496",1.97486251525354,1.97486251525354,4.59421721388301,3.24835977094529
"t=497",1.66162756172282,1.66162756172282,3.86552374566156,2.73313412154232
"t=498",2.49878175504002,2.49878175504002,5.8130356235294,4.11013023273775
"t=499",1.57938315580551,1.57938315580551,3.67419464680407,2.59785411217276
"t=500",2.06966476413378,2.06966476413378,4.81476022401985,3.4042955938591
"t=501",1.63511870790825,1.63511870790825,3.80385492994677,2.68953093719909
"t=502",2.29502424622232,2.29502424622232,5.33902477607147,3.77497895534034
"t=503",2.35191864264939,2.35191864264939,5.47138093424443,3.86856190965664
"t=504",1.80604438067356,1.80604438067356,4.20148750540333,2.97067864998622
"t=505",2.71318558537486,2.71318558537486,6.31181351841506,4.46279315069629
"t=506",1.98441075828802,1.98441075828802,4.61642974876712,3.26406523313158
"t=507",2.52995498751364,2.52995498751364,5.88555540662138,4.16140563723578
"t=508",1.70313365252558,1.70313365252558,3.96208135176028,2.8014055655398
"t=509",1.91340439343791,1.91340439343791,4.45124424285468,3.14727015637123
"t=510",1.66603862638958,1.66603862638958,3.87578541657132,2.74038967725815
"t=511",1.96571134129188,1.96571134129188,4.57292839979233,3.23330742926359
"t=512",3.28161197748656,3.28161197748656,7.63417104725282,5.39777136341616
"t=513",1.63259882277747,1.63259882277747,3.79799280052995,2.68538609500223
"t=514",1.96431563632223,1.96431563632223,4.5696815045034,3.23101169888211
"t=515",1.98293631395094,1.98293631395094,4.61299967831816,3.26163998801599
"t=516",1.84667874478525,1.84667874478525,4.29601717196757,3.0375162311742
"t=517",2.25368432385502,2.25368432385502,5.24285373555929,3.7069808340966
"t=518",1.64143255595634,1.64143255595634,3.81854313693045,2.69991629306101
"t=519",1.82514579860414,1.82514579860414,4.24592404839731,3.00209768654926
"t=520",2.03103474634768,2.03103474634768,4.72489336426901,3.34075486899445
"t=521",2.42981144139597,2.42981144139597,5.65258668101162,3.99668416218834
"t=522",1.7750626433877,1.7750626433877,4.1294132067343,2.91971822704233
"t=523",1.9302845237347,1.9302845237347,4.49051329808415,3.17503549991332
"t=524",2.55275856391902,2.55275856391902,5.93860445811257,4.19891418259363
"t=525",1.61458301593543,1.61458301593543,3.75608176658384,2.65575272977564
"t=526",2.76940255435061,2.76940255435061,6.44259374467681,4.55526183601227
"t=527",2.00739022992192,2.00739022992192,4.66988799374922,3.30186310039402
"t=528",1.85122922963562,1.85122922963562,4.30660318272508,3.04500111268472
"t=529",2.50893934899808,2.50893934899808,5.83666572063909,4.12683798800076
"t=530",1.99594080573876,1.99594080573876,4.64325265014174,3.28303047349985
"t=531",2.04419531892874,2.04419531892874,4.75550943431412,3.36240208453717
"t=532",2.09300973446861,2.09300973446861,4.86906874612783,3.44269465298543
"t=533",2.67228893262765,2.67228893262765,6.2166736772412,4.39552414309487
"t=534",2.0827114379324,2.0827114379324,4.84511132587458,3.42575546257642
"t=535",1.72437816700652,1.72437816700652,4.01150348285805,2.8363496822366
"t=536",2.33674582653703,2.33674582653703,5.43608368573822,3.84360484804314
"t=537",1.48341667319868,1.48341667319868,3.45094322401248,2.44000329519113
"t=538",2.58079246873818,2.58079246873818,6.00382107298968,4.24502585261304
"t=539",2.13211443208323,2.13211443208323,4.96003987628862,3.50701615668769
"t=540",2.07188816440823,2.07188816440823,4.81993262652146,3.4079527618647
"t=541",1.64278500780947,1.64278500780947,3.82168941042372,2.70214087839691
"t=542",2.56612861112266,2.56612861112266,5.96970783900058,4.22090595322905
"t=543",2.07674774176602,2.07674774176602,4.83123769397651,3.41594605530712
"t=544",1.81419070022035,1.81419070022035,4.22043867856229,2.98407815323908
"t=545",2.02032765888478,2.02032765888478,4.69998495411253,3.32314327734702
"t=546",1.59671462660003,1.59671462660003,3.7145136770409,2.62636184476953
"t=547",1.91172165264387,1.91172165264387,4.44732960238591,3.14450229407293
"t=548",1.92146573168052,1.92146573168052,4.4699977199373,3.16052987781767
"t=549",2.18651209951835,2.18651209951835,5.08658777427909,3.59649235726604
"t=550",2.15294235982772,2.15294235982772,5.0084928817177,3.54127504918009
"t=551",1.60171401977608,1.60171401977608,3.7261440047275,2.63458511476771
"t=552",1.6192952873236,1.6192952873236,3.7670441491096,2.66350372645964
"t=553",2.130670836596,2.130670836596,4.95668157099593,3.50464165341466
"t=554",4.33136079581996,4.33136079581996,10.0762519790596,7.12445451463987
"t=555",2.21780869997022,2.21780869997022,5.159394554205,3.64797068403055
"t=556",1.95355082927051,1.95355082927051,4.54463881850418,3.21330516695966
"t=557",2.4752024569353,2.4752024569353,5.75818197351211,4.07134573872923
"t=558",2.30587691923345,2.30587691923345,5.36427186885858,3.79283001390483
"t=559",2.26789381368169,2.26789381368169,5.27590995200877,3.73035336497513
"t=560",2.62914125579776,2.62914125579776,6.11629717097819,4.3245525303667
"t=561",1.8426497602002,1.8426497602002,4.28664435224359,3.03088914126656
"t=562",1.83508184469392,1.83508184469392,4.26903874809464,3.01844102799759
"t=563",1.64764072850655,1.64764072850655,3.8329855059443,2.71012782819696
"t=564",2.01537367861366,2.01537367861366,4.68846027264076,3.31499470493021
"t=565",1.74682544493045,1.74682544493045,4.0637236601344,2.87327216874497
"t=566",2.22645113337918,2.22645113337918,5.17949986079247,3.66218622196896
"t=567",2.22694781679652,2.22694781679652,5.18065531920448,3.66300319348942
"t=568",2.54287531010351,2.54287531010351,5.91561257161023,4.1826576767091
"t=569",4.69802036243213,4.69802036243213,10.9292296823446,7.72755583263835
"t=570",1.93136062950975,1.93136062950975,4.4930166944662,3.1768055364004
"t=571",2.86864468341971,2.86864468341971,6.67346546065201,4.71850061195797
"t=572",1.99805682664106,1.99805682664106,4.64817525086922,3.2865110181557
"t=573",1.7979745910433,1.7979745910433,4.18271436745303,2.95740502724416
"t=574",1.88115073436702,1.88115073436702,4.37621101164509,3.09421760826602
"t=575",1.86303762765591,1.86303762765591,4.33407362435542,3.06442419899689
"t=576",2.44230975660387,2.44230975660387,5.68166211002463,4.01724206128885
"t=577",1.74865689869571,1.74865689869571,4.06798425870761,2.87628464211335
"t=578",2.57221924018327,2.57221924018327,5.9838767609673,4.23092414652981
"t=579",2.08680358846955,2.08680358846955,4.85463109157694,3.43248645122949
"t=580",2.44208809222499,2.44208809222499,5.68114644156805,4.01687745583127
"t=581",2.86305620332523,2.86305620332523,6.66046471186508,4.70930838020541
"t=582",2.22894504230039,2.22894504230039,5.18530156050939,3.66628833710331
"t=583",1.95817340532351,1.95817340532351,4.55539253847766,3.22090862794629
"t=584",1.84734610452685,1.84734610452685,4.29756968288367,3.03861394026567
"t=585",1.82558785814136,1.82558785814136,4.24695243266194,3.00282480978239
"t=586",1.63085370307793,1.63085370307793,3.79393304502698,2.68251562853497
"t=587",2.54133283884748,2.54133283884748,5.91202424688301,4.18012053726916
"t=588",2.30561758033751,2.30561758033751,5.36366855636936,3.79240343938124
"t=589",2.84968757854892,2.84968757854892,6.62936464003786,4.68731894925474
"t=590",2.23029965978332,2.23029965978332,5.18845287201094,3.66851648458323
"t=591",1.87969564929685,1.87969564929685,4.37282597758556,3.09182420631083
"t=592",1.65263866285023,1.65263866285023,3.84461243987933,2.71834869862943
"t=593",2.68167648821686,2.68167648821686,6.2385123972286,4.41096529795399
"t=594",1.56335458256528,1.56335458256528,3.63690660952274,2.5714894553437
"t=595",2.42368515900866,2.42368515900866,5.63833481700414,3.98660732438386
"t=596",1.9792154781606,1.9792154781606,4.60434371988764,3.25551975777096
"t=597",2.69495777854867,2.69495777854867,6.26940929875652,4.43281107652686
"t=598",2.13090275886429,2.13090275886429,4.95722110287171,3.50502313159883
"t=599",2.92732820261131,2.92732820261131,6.80998374076461,4.81502641134254
"t=600",2.12733776584028,2.12733776584028,4.94892768892933,3.49915923989323
"t=601",1.89242553827188,1.89242553827188,4.40244012773938,3.11276301036209
"t=602",2.53852373813146,2.53852373813146,5.90548930140433,4.17549997776794
"t=603",1.65000238199764,1.65000238199764,3.83847953352254,2.71401240250739
"t=604",1.90065746463164,1.90065746463164,4.42159045212568,3.12630332429175
"t=605",2.07107845457108,2.07107845457108,4.81804895976322,3.40662090770229
"t=606",1.68035327466117,1.68035327466117,3.90908626814559,2.76393517838621
"t=607",1.87410437801224,1.87410437801224,4.35981873551942,3.08262738345907
"t=608",2.06526098939546,2.06526098939546,4.80451551201961,3.3970520290085
"t=609",1.79691576595971,1.79691576595971,4.18025117197083,2.95566341496511
"t=610",3.43218239278844,3.43218239278844,7.9844502127838,5.64543765713706
"t=611",2.54455795418143,2.54455795418143,5.91952698708368,4.18542537992354
"t=612",2.88644574275257,2.88644574275257,6.71487691718667,4.74778074896519
"t=613",1.96051615099412,1.96051615099412,4.56084257988791,3.22476210165962
"t=614",2.22969710158502,2.22969710158502,5.18705111202732,3.6675253645453
"t=615",1.42477294031916,1.42477294031916,3.3145175007024,2.34354293846629
"t=616",2.06693905259902,2.06693905259902,4.80841927078572,3.39981219735514
"t=617",2.74179985292449,2.74179985292449,6.37838025889637,4.50985943245785
"t=618",2.9547089041811,2.9547089041811,6.87368077765125,4.86006365762809
"t=619",2.21657242557673,2.21657242557673,5.15651854989798,3.64593719361051
"t=620",1.49198633349041,1.49198633349041,3.47087923501342,2.45409913200374
"t=621",2.02754387177803,2.02754387177803,4.71677237563535,3.33501289129732
"t=622",1.97883325635883,1.97883325635883,4.60345453901167,3.25489105885401
"t=623",1.74141753373995,1.74141753373995,4.05114297743337,2.86437694640904
"t=624",1.70656399973122,1.70656399973122,3.97006153268936,2.80704798458271
"t=625",4.30017668826603,4.30017668826603,10.0037068967477,7.07316122222655
"t=626",3.45790508986446,3.45790508986446,8.04429015444119,5.68774772871751
"t=627",1.85040172438984,1.85040172438984,4.30467811765581,3.04363998767988
"t=628",1.86652984608034,1.86652984608034,4.34219773926278,3.07016838713842
"t=629",2.45369318903794,2.45369318903794,5.70814393386689,4.03596614141517
"t=630",2.15498358734685,2.15498358734685,5.01324148701724,3.54463256966835
"t=631",1.86715026739683,1.86715026739683,4.34364105507341,3.07118888939109
"t=632",1.80898266183933,1.80898266183933,4.20832296954666,2.97551169241875
"t=633",2.13388619597492,2.13388619597492,4.96416161545135,3.50993044895103
"t=634",1.90603442615207,1.90603442615207,4.43409913512752,3.1351476389506
"t=635",1.61316262070536,1.61316262070536,3.75277743316006,2.65341638752975
"t=636",1.96015583286683,1.96015583286683,4.56000435457851,3.22416943108109
"t=637",1.83530456471025,1.83530456471025,4.26955687233115,3.01880736982425
"t=638",1.84171336593318,1.84171336593318,4.28446597343124,3.02934890976019
"t=639",2.26057210122683,2.26057210122683,5.25887710180508,3.71831021968827
"t=640",2.5937835147198,2.5937835147198,6.03404276519059,4.26639422171381
"t=641",2.16834781067647,2.16834781067647,5.04433131954833,3.56661476088348
"t=642",1.68167670843367,1.68167670843367,3.91216503548867,2.76611203322694
"t=643",2.1461255515675,2.1461255515675,4.99263461431378,3.53006239738903
"t=644",1.68080874211099,1.68080874211099,3.91014584387915,2.764684355673
"t=645",2.04413651298122,2.04413651298122,4.75537263122311,3.36230535736109
"t=646",2.1271373656189,2.1271373656189,4.94846148830036,3.49882961086225
"t=647",2.40533566684498,2.40533566684498,5.59564751491944,3.95642509564571
"t=648",1.99069117483576,1.99069117483576,4.63104018245104,3.27439559906889
"t=649",1.93009995817254,1.93009995817254,4.49008393438101,3.17473191657899
"t=650",2.68202834077209,2.68202834077209,6.23933092867245,4.41154404390562
"t=651",2.02065075178253,2.02065075178253,4.70073658058831,3.32367471787171
"t=652",2.65176967273362,2.65176967273362,6.16893874060984,4.36177296403582
"t=653",2.17611108857369,2.17611108857369,5.06239140458009,3.57938421668974
"t=654",1.87828206901632,1.87828206901632,4.36953749810514,3.0894990736594
"t=655",2.1944014413512,2.1944014413512,5.10494112787953,3.60946916979407
"t=656",2.28183822199976,2.28183822199976,5.30834949665428,3.75328987557281
"t=657",2.59247025898632,2.59247025898632,6.03098767550693,4.26423410825747
"t=658",1.79294192106093,1.79294192106093,4.17100662633878,2.9491270217704
"t=659",1.98355449597274,1.98355449597274,4.61443778475033,3.26265680695666
"t=660",1.98509503728709,1.98509503728709,4.61802161976185,3.26519077192504
"t=661",2.9118411343408,2.9118411343408,6.77395543241839,4.78955245092696
"t=662",1.9887251618311,1.9887251618311,4.62646655227731,3.27116179544754
"t=663",3.24962363843472,3.24962363843472,7.55975504270548,5.34515522790659
"t=664",1.86835630987675,1.86835630987675,4.34644672943257,3.07317265273844
"t=665",1.99309190383106,1.99309190383106,4.63662511324541,3.27834444686414
"t=666",2.56543198901123,2.56543198901123,5.96808725363263,4.21976011182244
"t=667",2.33407375436013,2.33407375436013,5.42986751631022,3.8392096804315
"t=668",3.00102360525303,3.00102360525303,6.98142488402676,4.93624456166742
"t=669",2.09433122672071,2.09433122672071,4.87214299681906,3.44486831430928
"t=670",1.84580231544166,1.84580231544166,4.29397829242737,3.03607463318964
"t=671",2.48240165678726,2.48240165678726,5.7749298167825,4.08318736871687
"t=672",2.69837870242325,2.69837870242325,6.2773675577394,4.43843799556948
"t=673",1.77577499451793,1.77577499451793,4.13107038327167,2.92088994038254
"t=674",3.51227467762285,3.51227467762285,8.1707727293354,5.77717774233776
"t=675",1.92299496237886,1.92299496237886,4.47355524252132,3.16304523847828
"t=676",2.82793376189208,2.82793376189208,6.57875769490596,4.65153710502671
"t=677",5.13277942645922,5.13277942645922,11.940630506664,8.44267085595334
"t=678",2.07087762476561,2.07087762476561,4.81758175977222,3.40629057206836
"t=679",2.04468605276209,2.04468605276209,4.75665105192405,3.36320926986282
"t=680",1.38880950557312,1.38880950557312,3.23085404073774,2.28438835238663
"t=681",2.55965328779435,2.55965328779435,5.95464398434203,4.21025499416679
"t=682",1.75652692979252,1.75652692979252,4.08629268881831,2.88922969130716
"t=683",3.4407790237338,3.4407790237338,8.00444896690745,5.65957785672709
"t=684",2.39054081775841,2.39054081775841,5.56122954920013,3.93208973446546
"t=685",1.98599437076492,1.98599437076492,4.62011378228606,3.26667004385789
"t=686",2.03514596796012,2.03514596796012,4.73445749592682,3.34751722677487
"t=687",1.51014110443326,1.51014110443326,3.5131135478,2.48396107283555
"t=688",3.36278003064757,3.36278003064757,7.82299617516396,5.53128093005063
"t=689",1.79004669053041,1.79004669053041,4.16427131294925,2.94436479133142
"t=690",2.44329562347426,2.44329562347426,5.68395557932263,4.01886366798629
"t=691",1.4390587103839,1.4390587103839,3.34775117152154,2.36704093917106
"t=692",2.30066874253577,2.30066874253577,5.35215583807031,3.78426332557385
"t=693",1.69568318331728,1.69568318331728,3.94474896855697,2.78915063424005
"t=694",4.26674052311443,4.26674052311443,9.92592274503117,7.0181636247056
"t=695",2.13770471298919,2.13770471298919,4.97304481438948,3.51621135051152
"t=696",2.7122650324203,2.7122650324203,6.30967199200627,4.46127897583017
"t=697",1.68032541485204,1.68032541485204,3.90902145653784,2.76388935307811
"t=698",2.30038743915766,2.30038743915766,5.35150142855467,3.78380062269208
"t=699",2.04716592589479,2.04716592589479,4.7624200995142,3.36728829817952
"t=700",3.0561132023662,3.0561132023662,7.10958245115274,5.02685888528631
"t=701",1.89029413974532,1.89029413974532,4.39748175330839,3.1092571717652
"t=702",1.78625733608802,1.78625733608802,4.15545595629822,2.93813185793305
"t=703",2.10654264527716,2.10654264527716,4.90055100441688,3.46495431041208
"t=704",1.90827478632624,1.90827478632624,4.43931099225579,3.13883270350876
"t=705",2.94267461924643,2.94267461924643,6.84568484447786,4.84026902040553
"t=706",1.86259653537753,1.86259653537753,4.33304749027136,3.06369866676298
"t=707",1.66112472879159,1.66112472879159,3.86435398134098,2.73230703497162
"t=708",2.63920143599204,2.63920143599204,6.13970064978562,4.34110005424704
"t=709",2.01574660992049,2.01574660992049,4.68932784059357,3.31560812234286
"t=710",2.06337434613449,2.06337434613449,4.80012652348037,3.39394877699793
"t=711",2.19137312197456,2.19137312197456,5.09789620353575,3.60448802768382
"t=712",1.55591036587674,1.55591036587674,3.61958877185547,2.55924480852375
"t=713",2.16383279776956,2.16383279776956,5.03382782887107,3.55918822552782
"t=714",2.60764421377207,2.60764421377207,6.06628757296355,4.28919304282201
"t=715",1.85372761730413,1.85372761730413,4.31241530156626,3.04911059470281
"t=716",12.8816928476897,12.8816928476897,29.9672987702701,21.1884992017973
"t=717",7.19880724314912,7.19880724314912,16.7469299257298,11.8409842036184
"t=718",13.6457993879183,13.6457993879183,31.7448763956715,22.4453426158695
"t=719",16.2797503393994,16.2797503393994,37.8723625919775,26.7778063916256
"t=720",10.3778007642761,10.3778007642761,24.1423747451931,17.0699632268993
"t=721",7.03593798120367,7.03593798120367,16.3680393644564,11.5730881073885
"t=722",3.51274934192831,3.51274934192831,8.17187696363328,5.77795849564217
"t=723",1.98968580132615,1.98968580132615,4.62870133392434,3.27274190680517
"t=724",1.66873063093312,1.66873063093312,3.8820479556181,2.74481763069537
"t=725",2.28951202739521,2.28951202739521,5.32620143752177,3.76591216221002
"t=726",2.11912690027809,2.11912690027809,4.9298263592847,3.48565356789285
"t=727",2.86783425436252,2.86783425436252,6.67158012073776,4.71716757478387
"t=728",2.90309731158881,2.90309731158881,6.75361425894831,4.77517014235992
"t=729",2.02032213486224,2.02032213486224,4.69997210331444,3.3231341911385
"t=730",2.02306980373562,2.02306980373562,4.70636413695657,3.32765370425053
"t=731",2.13886279412175,2.13886279412175,4.97573891397018,3.51811622446272
"t=732",1.73912483466665,1.73912483466665,4.04580936181838,2.86060579202281
"t=733",2.04143235430382,2.04143235430382,4.74908181743287,3.35785741215272
"t=734",1.71597348341225,1.71597348341225,3.99195126504655,2.8225252079432
"t=735",1.59478016175368,1.59478016175368,3.71001343885818,2.62317993325079
"t=736",1.98911283513376,1.98911283513376,4.62736841524077,3.27179946128549
"t=737",2.00161788794164,2.00161788794164,4.65645951825516,3.29236844275176
"t=738",1.37335532124379,1.37335532124379,3.19490223187818,2.25896848124096
"t=739",2.44868712310589,2.44868712310589,5.69649808302856,4.02773189571008
"t=740",3.21418146625746,3.21418146625746,7.47730422080953,5.28685804245379
"t=741",2.34177334969509,2.34177334969509,5.44777945354867,3.85187438774426
"t=742",2.08190600941744,2.08190600941744,4.84323761896111,3.42443065056234
"t=743",2.01970284650189,2.01970284650189,4.69853142315391,3.32211555243285
"t=744",2.75757588146204,2.75757588146204,6.41508078934552,4.53580869021675
"t=745",2.37102074833685,2.37102074833685,5.51581907720016,3.89998207747907
"t=746",2.92167835691798,2.92167835691798,6.79684023424727,4.80573324216215
"t=747",1.74376837583156,1.74376837583156,4.0566118539354,2.86824373754982
"t=748",3.10026562563944,3.10026562563944,7.21229634716821,5.09948315884601
"t=749",2.38022979087466,2.38022979087466,5.53724251372993,3.91512960449812
"t=750",2.12172926753432,2.12172926753432,4.9358803708187,3.48993408111292
"t=751",2.39813420631024,2.39813420631024,5.57889441251445,3.94457974716579
"t=752",1.71205945027921,1.71205945027921,3.98284586238858,2.81608719634831
"t=753",2.95264970536132,2.95264970536132,6.86889036485461,4.85667657698076
"t=754",1.90791113504577,1.90791113504577,4.43846501287257,3.13823455038113
"t=755",2.37128772265442,2.37128772265442,5.51644015233625,3.90042121115361
"t=756",2.3687912484067,2.3687912484067,5.51063248477748,3.89631487643267
"t=757",2.51036605589457,2.51036605589457,5.83998473719462,4.12918471201405
"t=758",2.15640518197666,2.15640518197666,5.01654861066205,3.54697088475125
"t=759",1.74743533394226,1.74743533394226,4.06514247414043,2.87427534689809
"t=760",2.07095429045702,2.07095429045702,4.81776011084044,3.40641667590894
"t=761",2.13658677198453,2.13658677198453,4.97044409470998,3.51437250119529
"t=762",1.84056002281024,1.84056002281024,4.28178289610917,3.02745182914131
"t=763",2.03691081615959,2.03691081615959,4.73856314678366,3.35042014373679
"t=764",1.65640108922237,1.65640108922237,3.85336515247139,2.72453733929378
"t=765",1.68300457210263,1.68300457210263,3.91525410831196,2.76829617459892
"t=766",2.23963713197811,2.23963713197811,5.21017508060021,3.68387525958939
"t=767",1.73576101390085,1.73576101390085,4.03798394453121,2.85507279923578
"t=768",2.61979021318388,2.61979021318388,6.09454339287332,4.30917143400747
"t=769",1.80250320822569,1.80250320822569,4.19324950640763,2.96485393964169
"t=770",1.67900354371498,1.67900354371498,3.90594632442839,2.76171506854396
"t=771",1.78520393922036,1.78520393922036,4.15300538873463,2.93639917427467
"t=772",1.47079204424803,1.47079204424803,3.42157394529259,2.41923762847274
"t=773",2.52093291508152,2.52093291508152,5.86456692759947,4.14656564867318
"t=774",4.97421623825811,4.97421623825811,11.5717573708912,8.18185762073976
"t=775",2.5740016271917,2.5740016271917,5.98802321319509,4.23385591226527
"t=776",2.54247054377271,2.54247054377271,5.91467094431712,4.18199189534183
"t=777",1.71880725097267,1.71880725097267,3.99854359418624,2.82718634079288
"t=778",2.23845263239875,2.23845263239875,5.20741952252195,3.68192693116015
"t=779",1.94837089842524,1.94837089842524,4.53258849739459,3.20478493892145
"t=780",1.8995841502602,1.8995841502602,4.4190935495195,3.12453787925503
"t=781",2.17397839868462,2.17397839868462,5.05743002599067,3.57587625399055
"t=782",2.45120038874729,2.45120038874729,5.70234481321034,4.03186584981584
"t=783",4.4349800196139,4.4349800196139,10.3173063400424,7.29489297071923
"t=784",2.29262219979287,2.29262219979287,5.33343678046698,3.77102794055877
"t=785",2.40875371313383,2.40875371313383,5.60359907963687,3.96204728148101
"t=786",1.727042399065,1.727042399065,4.01770141344326,2.84073195400104
"t=787",2.0783681230651,2.0783681230651,4.83500726456674,3.41861134536395
"t=788",4.04247693782312,4.04247693782312,9.40420763016394,6.64928285304604
"t=789",1.84249839759351,1.84249839759351,4.28629223016533,3.03064017193397
"t=790",2.98485860337582,2.98485860337582,6.94381946627585,4.90965549970002
"t=791",2.71142567955171,2.71142567955171,6.30771936524485,4.45989836321998
"t=792",2.13966670602568,2.13966670602568,4.97760909271881,3.51943854187365
"t=793",1.78400929270724,1.78400929270724,4.15022622535858,2.93443415562463
"t=794",1.82512618755313,1.82512618755313,4.24587842627048,3.00206542924088
"t=795",1.49836837915081,1.49836837915081,3.4857260933675,2.4645966629556
"t=796",2.01529924173771,2.01529924173771,4.68828710657264,3.31487226716482
"t=797",1.84154231592506,1.84154231592506,4.2840680516085,3.02906755753394
"t=798",1.98879340770397,1.98879340770397,4.62662531591858,3.27127404991906
"t=799",2.48915371015011,2.48915371015011,5.79063744176858,4.09429350818012
"t=800",2.17286880220011,2.17286880220011,5.05484871856788,3.57405113018855
"t=801",2.0631748306768,2.0631748306768,4.79966238111955,3.39362060327373
"t=802",1.89045625222956,1.89045625222956,4.39785888334145,3.10952382307288
"t=803",2.06901414635984,2.06901414635984,4.81324666074463,3.40322542285388
"t=804",1.76630191056781,1.76630191056781,4.10903269456371,2.90530810388878
"t=805",2.20547777621861,2.20547777621861,5.1307085359505,3.62768811937406
"t=806",2.2312009316675,2.2312009316675,5.19054954394263,3.66999894491079
"t=807",2.21456109496382,2.21456109496382,5.15183949520264,3.64262884915686
"t=808",1.78734353611032,1.78734353611032,4.15798283541088,2.93991849797933
"t=809",2.30184161946559,2.30184161946559,5.35488435782251,3.78619253644583
"t=810",1.84097462324214,1.84097462324214,4.28274740094249,3.02813378616546
"t=811",1.65338040379202,1.65338040379202,3.84633798734234,2.71956875390779
"t=812",1.76933835322135,1.76933835322135,4.11609651647541,2.91030260760048
"t=813",2.53165560574474,2.53165560574474,5.88951163622784,4.16420290530126
"t=814",2.58593264467758,2.58593264467758,6.0157789103585,4.25348068965013
"t=815",1.82924915209029,1.82924915209029,4.25546987605626,3.00884710241362
"t=816",2.16729474680079,2.16729474680079,5.04188152663991,3.56488262494816
"t=817",1.87834034291651,1.87834034291651,4.36967306346898,3.0895949256955
"t=818",1.70357584239541,1.70357584239541,3.9631100392239,2.802132903151
"t=819",2.21324741919372,2.21324741919372,5.14878342836768,3.64046804480177
"t=820",2.06490912717433,2.06490912717433,4.80369695808953,3.39647326715789
"t=821",1.85249005727957,1.85249005727957,4.30953630643413,3.04707498960785
"t=822",2.55333999688521,2.55333999688521,5.93995707345735,4.1998705547169
"t=823",1.84377093776918,1.84377093776918,4.28925260129761,3.03273331425735
"t=824",1.70171485176289,1.70171485176289,3.95878072762233,2.79907184595938
"t=825",2.34762946263979,2.34762946263979,5.46140280944771,3.86150683636119
"t=826",4.90513899157134,4.90513899157134,11.4110596649168,8.0682356609872
"t=827",1.90685096145813,1.90685096145813,4.43599868030085,3.1364907200103
"t=828",1.49512188056561,1.49512188056561,3.47817360828576,2.45925664798285
"t=829",2.53618552174089,2.53618552174089,5.90004979667508,4.17165395405731
"t=830",3.20274424039918,3.20274424039918,7.45069725474918,5.26804548001853
"t=831",1.78827566466519,1.78827566466519,4.16015129069284,2.9414517130136
"t=832",1.60660660202656,1.60660660202656,3.73752585304446,2.64263269642756
"t=833",2.38934970001294,2.38934970001294,5.55845859496523,3.9301305201217
"t=834",2.07864214693435,2.07864214693435,4.83564473941242,3.41906207451917
"t=835",2.16169610212575,2.16169610212575,5.0288571315026,3.55567367394839
"t=836",2.03789909720849,2.03789909720849,4.74086223230072,3.35204572140451
"t=837",2.2736294395464,2.2736294395464,5.28925301304545,3.73978762998155
"t=838",2.62220179357409,2.62220179357409,6.10015356778716,4.313138130759
"t=839",2.16609141776534,2.16609141776534,5.03908216469651,3.56290332481978
"t=840",2.1026228801222,2.1026228801222,4.89143226708192,3.45850687048016
"t=841",2.38706989380818,2.38706989380818,5.55315497264756,3.92638057261705
"t=842",2.49978030922229,2.49978030922229,5.81535860792842,4.11177270820615
"t=843",1.85106887672442,1.85106887672442,4.30623014607102,3.04473735561714
"t=844",1.49009248432187,1.49009248432187,3.46647348302641,2.45098402732995
"t=845",1.58235539656512,1.58235539656512,3.68110911277632,2.60274301316637
"t=846",1.8462597734589,1.8462597734589,4.29504249891323,3.03682708466847
"t=847",1.8173785063306,1.8173785063306,4.2278546245297,2.98932162768153
"t=848",2.30127169564324,2.30127169564324,5.35355851675002,3.78525509517955
"t=849",2.5501025311864,2.5501025311864,5.93242560201165,4.19454539752008
"t=850",1.92326848808917,1.92326848808917,4.47419155847599,3.16349514823495
"t=851",1.79657601082901,1.79657601082901,4.17946078334485,2.95510456750611
"t=852",1.78590818914019,1.78590818914019,4.15464371903841,2.93755756230958
"t=853",3.21412487776487,3.21412487776487,7.47717257629007,5.2867649626665
"t=854",1.56282270767107,1.56282270767107,3.63566928349335,2.57061459899488
"t=855",1.90646398012854,1.90646398012854,4.43509842710746,3.13585419236677
"t=856",2.41306433875397,2.41306433875397,5.61362709438406,3.96913762966672
"t=857",2.87106693768134,2.87106693768134,6.67910046670393,4.72248486566561
"t=858",1.74032244668321,1.74032244668321,4.04859542398704,2.86257568849194
"t=859",2.2807720671567,2.2807720671567,5.30586924960173,3.75153620691231
"t=860",2.03753051097652,2.03753051097652,4.74000477250358,3.35143945100402
"t=861",2.23613562479218,2.23613562479218,5.20202935680228,3.67811579279481
"t=862",2.0145135612839,2.0145135612839,4.68645934051924,3.31357993782075
"t=863",1.81890467259991,1.81890467259991,4.23140501818574,2.99183194780493
"t=864",1.67010516559248,1.67010516559248,3.88524560140069,2.74707853901518
"t=865",2.27197252876117,2.27197252876117,5.28539846216274,3.73706225426692
"t=866",2.49018045001112,2.49018045001112,5.79302599586144,4.09598234496445
"t=867",2.11572312451186,2.11572312451186,4.92190799276722,3.48005485497844
"t=868",1.98809166119075,1.98809166119075,4.62499280940943,3.27011977962159
"t=869",2.1546478404013,2.1546478404013,5.01246042282425,3.54408031508723
"t=870",1.66469838836286,1.66469838836286,3.87266755668714,2.73818518187891
"t=871",1.99169430894002,1.99169430894002,4.63337382134186,3.2760456078386
"t=872",1.58209503155113,1.58209503155113,3.68050341317954,2.60231475082878
"t=873",1.60040293183069,1.60040293183069,3.72309395807305,2.63242856700548
"t=874",1.97711309991652,1.97711309991652,4.5994528567291,3.25206165329096
"t=875",1.5646994444338,1.5646994444338,3.64003522607147,2.5737015562659
"t=876",2.03261399213416,2.03261399213416,4.72856723934698,3.34335249715419
"t=877",2.45859017848821,2.45859017848821,5.71953603486374,4.0440209722736
"t=878",1.84255848391288,1.84255848391288,4.28643201184664,3.0307390051343
"t=879",1.79677862972504,1.79677862972504,4.17993214538285,2.95543784593212
"t=880",2.06470934434933,2.06470934434933,4.80323219373931,3.39614465365359
"t=881",1.68270332407692,1.68270332407692,3.91455330060779,2.76780066569122
"t=882",2.50619907349306,2.50619907349306,5.83029088654372,4.12233063589749
"t=883",2.1945910235405,2.1945910235405,5.10538216200255,3.60978100474573
"t=884",2.18650867540242,2.18650867540242,5.08657980859427,3.59648672509652
"t=885",2.47047756108202,2.47047756108202,5.74719022208876,4.06357397664799
"t=886",1.86575010853817,1.86575010853817,4.34038379848923,3.06888583301411
"t=887",1.89796006660062,1.89796006660062,4.41531536595078,3.1218664993571
"t=888",2.11040475382972,2.11040475382972,4.90953561243745,3.47130691367244
"t=889",1.73474025172471,1.73474025172471,4.03560929661285,2.85339379486809
"t=890",1.85365486603796,1.85365486603796,4.31224605681286,3.04899092951878
"t=891",2.17955094973075,2.17955094973075,5.07039371826981,3.58504228479014
"t=892",1.5853682360352,1.5853682360352,3.68811802547237,2.60769869309616
"t=893",1.70435261221206,1.70435261221206,3.96491707603547,2.80341057580122
"t=894",1.71550942239476,1.71550942239476,3.99087169768509,2.82176189549545
"t=895",2.73294866686142,2.73294866686142,6.3577893210158,4.49530052695919
"t=896",1.94746207482844,1.94746207482844,4.53047425755232,3.20329005713201
"t=897",1.88290682818418,1.88290682818418,4.38029629676325,3.09710612555044
"t=898",1.79428260361207,1.79428260361207,4.1741255203414,2.95133224832724
"t=899",2.02143263517264,2.02143263517264,4.70255551335066,3.3249608016018
"t=900",2.97445347539628,2.97445347539628,6.91961351892152,4.89254058720398
"t=901",2.415361636587,2.415361636587,5.61897140831398,3.97291634833958
"t=902",1.91212555575918,1.91212555575918,4.44826922153953,3.14516665557709
"t=903",2.46832254210601,2.46832254210601,5.74217689827539,4.06002928586914
"t=904",2.40743684345988,2.40743684345988,5.60053558267048,3.95988122362158
"t=905",1.54026379124375,1.54026379124375,3.58318939622199,2.53350848348931
"t=906",1.72582132902282,1.72582132902282,4.01486077974657,2.83872347251339
"t=907",2.05749794195055,2.05749794195055,4.78645596310007,3.38428295226256
"t=908",1.78741803141105,1.78741803141105,4.15815613739537,2.94004103184493
"t=909",1.90429797733423,1.90429797733423,4.43005955111176,3.13229143481456
"t=910",1.81491050552786,1.81491050552786,4.22211319610913,2.98526212760983
"t=911",2.14571965436292,2.14571965436292,4.99169035621483,3.52939475589991
"t=912",2.50855924424357,2.50855924424357,5.83578146475154,4.12621277131669
"t=913",4.2640130502901,4.2640130502901,9.91957769442477,7.01367733113808
"t=914",1.65091294302611,1.65091294302611,3.8405978152353,2.71551014211763
"t=915",1.80673874697507,1.80673874697507,4.20310284297268,2.97182078091571
"t=916",1.96646538034203,1.96646538034203,4.57468255693359,3.23454771313009
"t=917",2.63873878190321,2.63873878190321,6.13862435542964,4.340339055991
"t=918",1.98633055866562,1.98633055866562,4.62089587229411,3.26722302374568
"t=919",1.80308000884796,1.80308000884796,4.194591345309,2.96580269223727
"t=920",1.81859787474194,1.81859787474194,4.2306912996411,2.99132731023552
"t=921",3.25341387399579,3.25341387399579,7.56857244914508,5.35138961061621
"t=922",2.38896575210014,2.38896575210014,5.55756539855455,3.92949898200477
"t=923",2.0839671929489,2.0839671929489,4.84803264888753,3.42782099576987
"t=924",2.59701648930181,2.59701648930181,6.04156378873627,4.27171199168086
"t=925",1.87778545950849,1.87778545950849,4.36838221163238,3.08868222370928
"t=926",2.30603643035771,2.30603643035771,5.36464294722339,3.7930923863561
"t=927",1.7579914188951,1.7579914188951,4.08969959992865,2.89163856151916
"t=928",3.0336216782453,3.0336216782453,7.05725934183017,4.9898636202604
"t=929",2.57924613012605,2.57924613012605,6.0002237514468,4.24248235193838
"t=930",1.98388348643483,1.98388348643483,4.6152031310124,3.26319794811147
"t=931",2.10483164368139,2.10483164368139,4.89657061949209,3.46213996323156
"t=932",1.74188910599133,1.74188910599133,4.05224001853783,2.86515261373709
"t=933",2.01407388689419,2.01407388689419,4.68543650493747,3.31285673780616
"t=934",2.74851503985842,2.74851503985842,6.39400211974391,4.52090493204179
"t=935",2.82647215179338,2.82647215179338,6.57535748136018,4.64913297035468
"t=936",2.11069330629734,2.11069330629734,4.91020688585705,3.47178154024537
"t=937",1.54257263883539,1.54257263883539,3.58856057890827,2.53730619982449
"t=938",1.87772932316051,1.87772932316051,4.3682516189586,3.0885898876337
"t=939",2.85379947144702,2.85379947144702,6.63893033333966,4.69408241120183
"t=940",1.860777964403,1.860777964403,4.32881686155095,3.06070738369964
"t=941",2.03585406412078,2.03585406412078,4.73610477392477,3.34868194131295
"t=942",1.54273431497359,1.54273431497359,3.58893669384866,2.5375721334068
"t=943",1.90895878756894,1.90895878756894,4.44090221709258,3.13995778543365
"t=944",1.4944469726,1.4944469726,3.47660353757478,2.45814652316776
"t=945",1.68862620817029,1.68862620817029,3.92833198942661,2.77754294307422
"t=946",1.9406353861105,1.9406353861105,4.51459300476659,3.19206115343423
"t=947",1.86554587424249,1.86554587424249,4.33990867846967,3.06854989749211
"t=948",1.58382609086221,1.58382609086221,3.68453045932771,2.60516209001507
"t=949",2.78912250722471,2.78912250722471,6.48846921512167,4.58769827202055
"t=950",1.87647132708142,1.87647132708142,4.36532508245445,3.08652066822031
"t=951",2.09806378066384,2.09806378066384,4.88082621574941,3.45100781920044
"t=952",1.7637260883888,1.7637260883888,4.10304043611366,2.90107125343525
"t=953",1.73624570220512,1.73624570220512,4.03911149813744,2.855870040551
"t=954",1.84125477761951,1.84125477761951,4.28339913748268,3.02859459910917
"t=955",1.50723107441256,1.50723107441256,3.50634380564796,2.47917449940147
"t=956",1.78031032336212,1.78031032336212,4.14162113588642,2.92834989248133
"t=957",2.94724030340377,2.94724030340377,6.85630621411084,4.84777890255125
"t=958",1.84930427654573,1.84930427654573,4.3021250721968,3.04183484661312
"t=959",1.8624444170216,1.8624444170216,4.33269361005743,3.0634484543335
"t=960",2.2189308028172,2.2189308028172,5.16200495577752,3.64981637896821
"t=961",1.99967385872303,1.99967385872303,4.65193703001537,3.28917079924062
"t=962",1.75269839342248,1.75269839342248,4.07738618137317,2.88293230937298
"t=963",2.62383608332987,2.62383608332987,6.10395549428608,4.31582629819128
"t=964",1.6117527004748,1.6117527004748,3.74949746822913,2.6510972751248
"t=965",1.86541866335396,1.86541866335396,4.33961274168959,3.06834065420073
"t=966",1.92056602849431,1.92056602849431,4.4679046973428,3.15904999776865
"t=967",1.70174959337646,1.70174959337646,3.95886154870119,2.79912899082846
"t=968",2.67890699837518,2.67890699837518,6.23206960042323,4.40640989254309
"t=969",3.47908127126201,3.47908127126201,8.09355331901568,5.72257944749425
"t=970",3.69163699903797,3.69163699903797,8.5880318844425,6.07220250725586
"t=971",2.3294042843021,2.3294042843021,5.41900470456783,3.83152908567061
"t=972",1.91628823803243,1.91628823803243,4.45795306859622,3.15201365861209
"t=973",2.44907150343266,2.44907150343266,5.69739228538458,4.02836414508471
"t=974",2.05362541515184,2.05362541515184,4.77744711861473,3.37791321251223
"t=975",1.80967045542445,1.80967045542445,4.20992301669119,2.97664301219183
"t=976",2.0774999251497,2.0774999251497,4.83298753419201,3.4171832868739
"t=977",2.29292132618841,2.29292132618841,5.33413265252132,3.77151995969539
"t=978",2.3872738733412,2.3872738733412,5.55362950000054,3.92671608909176
"t=979",2.26401600660154,2.26401600660154,5.26688882375193,3.72397493993474
"t=980",2.26526935276885,2.26526935276885,5.26980454294368,3.72603651092385
"t=981",2.55910793314692,2.55910793314692,5.9533752997174,4.209357965597
"t=982",2.8557837877683,2.8557837877683,6.64354654339509,4.69734632109991
"t=983",2.1205033868946,2.1205033868946,4.93302854599865,3.48791768689646
"t=984",1.44920997973172,1.44920997973172,3.37136655538766,2.38373829137599
"t=985",1.74685344282542,1.74685344282542,4.06378879297784,2.87331822118406
"t=986",1.9582939743455,1.9582939743455,4.55567302396565,3.22110694633941
"t=987",2.03367390237677,2.03367390237677,4.73103295928654,3.34509589436098
"t=988",1.85850763766066,1.85850763766066,4.32353529176053,3.05697302852314
"t=989",1.80878427129251,1.80878427129251,4.20786144411985,2.97518536900827
"t=990",1.95762317068182,1.95762317068182,4.55411250128874,3.22000357250023
"t=991",2.67945917607148,2.67945917607148,6.2333541578331,4.40731814402957
"t=992",2.07566273118095,2.07566273118095,4.8287135819086,3.41416137171098
"t=993",1.85789085934759,1.85789085934759,4.32210045084317,3.05595851847786
"t=994",1.96957705931474,1.96957705931474,4.58192140469646,3.23966596957427
"t=995",1.57056600188956,1.57056600188956,3.65368287953661,2.58335118457472
"t=996",2.08055602216138,2.08055602216138,4.84009707897799,3.42221011912787
"t=997",2.52401834962622,2.52401834962622,5.87174472169302,4.15164073687475
"t=998",1.86066387860678,1.86066387860678,4.32855145830147,3.06051972926396
"t=999",1.88892551486345,1.88892551486345,4.39429785572409,3.10700598416432
"t=1000",1.50009209789826,1.50009209789826,3.48973606281109,2.4674319279892
