"","X_sim","Vol_true","VaR_1%_true","VaR_5%_true"
"t=1",-3.33689970098564,2.18542521883651,5.08405931171555,3.59470459763444
"t=2",3.30104918610888,2.70465684613106,6.29197270400699,4.4487646230178
"t=3",3.49902764365271,2.72820889393596,6.34676296034724,4.48750429427183
"t=4",0.616339580935451,2.78047318504462,6.46834788285612,4.57347140306196
"t=5",-0.874384462179415,2.14898169144913,4.99927898925538,3.53476032943241
"t=6",-0.406386440655525,2.03042938240442,4.72348507714659,3.33975913391675
"t=7",4.0575393648053,1.88488117713228,4.38488931924128,3.10035364057859
"t=8",-1.7704056162829,2.98095551358403,6.93473952163653,4.90323548829968
"t=9",-0.426644082776213,2.42517277585522,5.64179553129252,3.98905423634943
"t=10",-2.94588866408348,2.0114799811851,4.67940217790566,3.30859014259258
"t=11",1.89945329434052,2.57593258747286,5.99251529854001,4.23703205928722
"t=12",2.25480412450952,2.37111353723617,5.51603493645882,3.90013470163665
"t=13",-1.98818800974796,2.41961774943004,5.62887260737806,3.97991703098616
"t=14",-0.176304790214696,2.36173486190312,5.49421687503647,3.88470815349909
"t=15",-0.670299728361518,1.94050855323901,4.51429794738563,3.19185253192553
"t=16",1.38689928472714,1.91950067116547,4.46542630558575,3.1572976409023
"t=17",-0.46772280736074,2.10010577994883,4.88557661644484,3.45436660913058
"t=18",-1.73214323108881,1.92130074445971,4.46961390226693,3.16025849798912
"t=19",1.35938160278513,2.19705235002341,5.11110806363339,3.61382952653826
"t=20",0.212224903559901,2.15989139472739,5.02465875428317,3.55270519443862
"t=21",-1.44807791765879,1.88347097619449,4.38160870128768,3.09803406645134
"t=22",-1.19855531042921,2.108515362423,4.90514023075519,3.46819914136436
"t=23",2.74018734287653,2.09809838915909,4.88090672714876,3.45106474510937
"t=24",0.619833999369552,2.51796204937266,5.8576556604736,4.14167900943678
"t=25",-3.51719021511108,2.07809174545959,4.83436431411173,3.41815674465712
"t=26",-1.01597686431789,2.76277683935379,6.42718002667997,4.54436350466861
"t=27",-1.13882392606189,2.2232225989347,5.1719891665513,3.65687575537822
"t=28",0.209761205614973,2.11313369351996,4.91588407548424,3.47579562001967
"t=29",-3.1125914208173,1.86752501020413,4.34451283720649,3.07180528645685
"t=30",-0.714436399563117,2.63016819532799,6.11868618957111,4.32624169557765
"t=31",-0.644825657428704,2.12815592302478,4.95083100715613,3.50050498870557
"t=32",1.68794888215336,1.97068370281919,4.58449584246036,3.2414862361563
"t=33",-0.558824770117417,2.19463000670118,5.10547285039554,3.60984512633898
"t=34",1.59607791598513,1.97110134802927,4.58546743050693,3.24217320139488
"t=35",2.20784329434232,2.16929151635936,5.04652670725743,3.56816701859875
"t=36",1.80470366350155,2.37436969117236,5.52360988324582,3.9054905982485
"t=37",-0.760129802028024,2.30813744844325,5.36953064618001,3.7965482535744
"t=38",-1.30560410954328,2.0491738946369,4.76709133332854,3.37059111284778
"t=39",-4.97294718880632,2.11021060373948,4.90908395178777,3.47098756519233
"t=40",9.40702336901731,3.28181593941256,7.63464553364576,5.39810685092991
"t=41",-4.17379123511972,4.44815594683531,10.3479581303224,7.31656544239782
"t=42",2.99783121060126,3.10217838164668,7.21674608303922,5.102629362502
"t=43",-9.02944203781856,2.70462021657127,6.29188749090845,4.44870437275353
"t=44",-3.97838376772016,4.63272243764286,10.7773239938318,7.62015030421632
"t=45",6.17325292763083,3.09094243244604,7.19060735650347,5.08414787070707
"t=46",-3.64507054152846,3.49460765843269,8.12967309680173,5.7481180817454
"t=47",-2.20224739608074,2.89151688121335,6.72667414936389,4.75612202945519
"t=48",-1.98376732390674,2.49839180240167,5.81212845803818,4.10948881772621
"t=49",-2.7319774439875,2.37570012676972,5.5267049392693,3.90767897006625
"t=50",-3.23676831860191,2.5450175778055,5.9205962315244,4.18618139350863
"t=51",0.152208756200255,2.69698734624607,6.27413077925461,4.43614941831508
"t=52",-0.755647450165512,2.03702853816756,4.73883700912663,3.35061377920857
"t=53",1.20032943488184,1.96966732167484,4.58213138634598,3.23981443794466
"t=54",-3.14777806292471,2.06272210500382,4.79860918371269,3.39287593580851
"t=55",-1.47882311726557,2.64229336959521,6.14689356295003,4.34618583244851
"t=56",4.41066305923541,2.29127006344405,5.33029124094649,3.76880387418128
"t=57",0.746348815558459,3.04474727004515,7.0831413386612,5.00816359028437
"t=58",0.313640401006818,2.24157264159102,5.21467774927337,3.68705888959617
"t=59",-1.48521805324264,1.93166029012048,4.49371380929089,3.1772984342428
"t=60",1.48401068658699,2.1299557704461,4.9550180783783,3.50346547426448
"t=61",1.00079408756209,2.17526962104446,5.0604338583824,3.57800012577233
"t=62",2.76787161134016,2.06764329310663,4.81005757919342,3.40097056990833
"t=63",2.58666872980423,2.52377972848868,5.87118960591702,4.15124824003121
"t=64",2.94384732187572,2.52707263675254,5.87885005605605,4.15666459213223
"t=65",-2.38738672262512,2.61845504069357,6.09143731718901,4.30697527069418
"t=66",-0.69938921860474,2.4930357207066,5.79966834877367,4.10067884732383
"t=67",-3.42495409217577,2.08770130938273,4.8567195027148,3.43396307072952
"t=68",-1.84911309786487,2.73215013508696,6.35593165831995,4.49398705907374
"t=69",2.88018538320811,2.39112474101669,5.56258795783064,3.9330502027547
"t=70",-0.704626306806549,2.58665959263062,6.01747004418359,4.2546764126273
"t=71",0.391528572837833,2.11441407215423,4.91886268159803,3.47790165546012
"t=72",-1.5727098571147,1.90852893367883,4.43990222740918,3.13925073870345
"t=73",2.26694273207291,2.14915062195714,4.99967198038355,3.53503819539122
"t=74",2.32950218653672,2.38753179789474,5.55422952223734,3.92714033722913
"t=75",-0.0174105066601562,2.44136323544814,5.67946017254626,4.01568517253286
"t=76",2.17243959544526,1.93350489091906,4.49800499243713,3.18033253255663
"t=77",-0.356769812762226,2.32834238594338,5.41653435957855,3.82978241830381
"t=78",1.17612181603975,1.96776576973165,4.57770771502555,3.23668666333405
"t=79",0.899344822679665,2.0558962236554,4.78272980914933,3.38164836011542
"t=80",1.67369535950981,2.01008148199389,4.67614878228536,3.30628981612565
"t=81",0.282806485649716,2.19890957481015,5.11542861456763,3.61688438946479
"t=82",0.354382753957258,1.91145844203376,4.44671728294265,3.14406935114624
"t=83",0.678931531393607,1.83313067821474,4.26449965610391,3.01523164473753
"t=84",-1.58429582784525,1.88802398319143,4.3922005794355,3.10552309652379
"t=85",0.874460867793158,2.14797048962426,4.99692658203986,3.53309705044319
"t=86",2.40190433922363,2.03016243083878,4.72286405493939,3.33932003766579
"t=87",1.68206007397167,2.40982117169397,5.60608235958888,3.96380309456528
"t=88",-0.857823464627376,2.28610703123035,5.31828023193255,3.76031144191851
"t=89",0.78307182470956,2.06489078491568,4.80365428761512,3.39644309682724
"t=90",1.47270314541818,1.98450138857488,4.61664058634226,3.26421430668762
"t=91",1.71057685545093,2.1387071792938,4.97537689974601,3.51786026084856
"t=92",-2.67253866914479,2.23572153710468,5.2010660447908,3.67743467916016
"t=93",0.351921779613073,2.51230252208048,5.84448963118936,4.1323699154434
"t=94",0.365109693295721,2.02188162151934,4.70360001178376,3.32569931842261
"t=95",-0.458284086063225,1.8725199307959,4.35613276010615,3.08002119970856
"t=96",1.26294820320427,1.84527509060178,4.29275178404198,3.03520742549955
"t=97",-3.23285295742152,2.04763585762924,4.76351332420557,3.36806126709734
"t=98",5.06445090814208,2.66954692166352,6.2102948058642,4.39101393641538
"t=99",-7.47987217776599,3.21418032223867,7.47730155942384,5.28685616071033
"t=100",0.698911317832843,3.85489866581234,8.96783531585541,6.34074405199182
"t=101",4.90643240901376,2.42442147167237,5.640047736404,3.98781845093933
"t=102",0.660247467185377,3.19218139463487,7.42612440096155,5.25067114485217
"t=103",0.738719514446989,2.26260959416995,5.26361701918168,3.72166159734565
"t=104",-1.03401771627238,2.0314684494741,4.72590230861511,3.34146824715495
"t=105",0.936916423946792,2.03660143624065,4.73784342146696,3.34991125905501
"t=106",0.810758700463394,2.01385668707487,4.68493122259956,3.31249947589558
"t=107",1.71604427152072,1.976241938114,4.59742623132185,3.25062871964041
"t=108",0.0921225128334712,2.20359905271499,5.12633797152193,3.62459789420508
"t=109",-1.05280572709563,1.87201803505577,4.35496517601811,3.07919565468006
"t=110",-0.344807223596801,1.99757384272745,4.6470516622686,3.28571658031364
"t=111",-2.28717328940207,1.85977489694864,4.32648337771099,3.05905748455927
"t=112",-6.14472515573424,2.35411301235355,5.47648580154057,3.8721713266234
"t=113",-2.42981639571655,3.65299187446364,8.49812988104695,6.00863693393577
"t=114",3.46285083573298,2.67791081432021,6.2297521297648,4.40477131558717
"t=115",3.05118980176163,2.76716347336038,6.43738486337539,4.55157887552446
"t=116",-3.95164843806115,2.67331264163949,6.21905518052452,4.39720799457593
"t=117",4.4212252368085,2.89620789955506,6.73758708991021,4.76383806798865
"t=118",4.00983626944327,3.0268694781798,7.04155137556269,4.97875723949276
"t=119",-2.01943112356879,2.92919363276911,6.81432338024638,4.81809477090343
"t=120",2.22088124875484,2.46643446937009,5.73778458428015,4.05692368258152
"t=121",-2.36723546741381,2.42722540255118,5.64657065504285,3.99243050681505
"t=122",1.37826801250218,2.45726641537887,5.7164565013686,4.04184357572198
"t=123",-1.72492168214807,2.22636981465554,5.17931068515261,3.66205246457144
"t=124",-0.189397103943015,2.25775281289561,5.25231845638944,3.71367290305124
"t=125",-2.26532712910019,1.91027787361959,4.44397087012219,3.14212748890833
"t=126",-0.853275427302611,2.35347745265656,5.47500726859063,3.87112592395065
"t=127",-5.03369194142633,2.08241091480456,4.84441220453503,3.42526114601961
"t=128",1.59196977578036,3.31431174713968,7.71024208686697,5.45155769813057
"t=129",0.237727358548349,2.45938627561585,5.72138803372415,4.0453304355214
"t=130",-5.00197793060335,1.98309530211534,4.6133695400964,3.26190150027485
"t=131",-2.30449138486312,3.33665738180466,7.76222580656395,5.4883129963558
"t=132",1.46381782785906,2.59914186528751,6.04650815264214,4.27520792407957
"t=133",3.68843229534877,2.27823171896902,5.29995951599598,3.74735770598208
"t=134",-0.609281467430292,2.81408162252991,6.54653279994985,4.6287523633558
"t=135",1.39446758298244,2.15655309783905,5.01689271441406,3.54721418469399
"t=136",1.64635524416342,2.15887661553955,5.02229802487691,3.55103603121094
"t=137",1.61018742772639,2.22334671441812,5.17227790234228,3.65707990718128
"t=138",-1.76695556501135,2.22818814425193,5.18354075234349,3.66504335060306
"t=139",1.80319330913358,2.26880810761104,5.27803691774756,3.73185724466092
"t=140",-4.30807591154523,2.28627672567806,5.31867500025021,3.76059056444629
"t=141",-2.79912244981574,3.01132020629023,7.00537835995951,4.95318096322875
"t=142",-3.88248679731752,2.64815619920086,6.16053254413899,4.35582932898955
"t=143",-2.59228434520521,2.87657879299513,6.69192295959519,4.73155106086973
"t=144",-2.18261770774096,2.58173547919174,6.00601484335351,4.24657696677783
"t=145",-3.73366515746014,2.43821299075707,5.67213160750646,4.01050348112696
"t=146",2.91602925229303,2.82882958343247,6.58084168744196,4.65301060033652
"t=147",3.99429683545841,2.64899525340939,6.16248447611321,4.35720945034766
"t=148",-2.35591843727614,2.90712438538004,6.76298263350115,4.78179408929143
"t=149",-0.450723235276297,2.53449224528453,5.89611064659066,4.16886876213664
"t=150",4.13245524618461,2.04824865980846,4.76493891525242,3.36906923698445
"t=151",5.50536547593633,2.97936970139226,6.93105037081557,4.90062705936438
"t=152",1.52609964201198,3.31736500761819,7.71734503289005,5.45657986470268
"t=153",2.37699125479901,2.44783901021541,5.69452507740885,4.02633687414611
"t=154",-0.993689566379028,2.46298826419183,5.7297675121902,4.05125517949484
"t=155",-1.59568036692776,2.14243105666062,4.9840399339415,3.52398549404169
"t=156",3.18819199056589,2.2067151891753,5.13358718895158,3.62972348256389
"t=157",-1.00488246906253,2.65999154574174,6.18806567740292,4.37529674167356
"t=158",0.381117198705877,2.19526370627962,5.10694705606262,3.61088746938897
"t=159",1.01694739837204,1.93179948242036,4.4940376190018,3.17752738520211
"t=160",0.608985350943318,2.00474299054968,4.66372959406353,3.29750877911119
"t=161",-1.42733827971298,1.92452325503718,4.47711058289791,3.16555905620036
"t=162",4.97447610215898,2.11237878390479,4.91412789310589,3.47455390420114
"t=163",4.22605857296004,3.28177330247683,7.63454634530096,5.39803671941152
"t=164",0.0745992311560399,2.99761358036716,6.9734919798831,4.93063556986591
"t=165",-0.767044020719595,2.10828961768046,4.90461506995332,3.46782782430584
"t=166",2.81263625257449,1.99338736796344,4.63731246560161,3.27883044211391
"t=167",0.0785358754361426,2.53250475611101,5.89148705537716,4.16559963336104
"t=168",0.925654923146995,1.97380900386465,4.5917663799032,3.24662689891624
"t=169",-1.66403253678174,1.99323140327959,4.63694963749092,3.27857390303801
"t=170",-3.32986232056174,2.1927185525368,5.1010261430639,3.60670106402394
"t=171",3.05549997730789,2.70265791109844,6.28732248574353,4.44547666747937
"t=172",0.590177518202971,2.66675285192704,6.20379482767281,4.38641810067537
"t=173",0.566700884065748,2.11319462499118,4.91602582328276,3.47589584337109
"t=174",1.04221457487987,1.94809572739866,4.53194835386192,3.20433232286035
"t=175",4.73426371667464,2.0158030714562,4.68945918976712,3.31570099330464
"t=176",-4.37343379113685,3.21581091042665,7.48109487478837,5.28953823960539
"t=177",-2.0439619044103,3.02755484913071,7.04314578681726,4.97988457438716
"t=178",0.814740031723692,2.49031923401549,5.79334885573495,4.09621062433739
"t=179",0.574614177042981,2.11125792996173,4.91152039691833,3.4727102635276
"t=180",1.94003627846555,1.94932687673165,4.53481243549534,3.20635738330603
"t=181",-2.2907299226357,2.26218462538894,5.26262839396143,3.72096258590485
"t=182",-0.674688668533771,2.41142021299702,5.60980228592472,3.96643328345223
"t=183",-1.45462210080813,2.05970432420743,4.79158877577267,3.38791212812022
"t=184",-2.77807260344981,2.15138320397519,5.00486574281485,3.53871046602107
"t=185",1.13046579055691,2.5339953914537,5.89495479173761,4.16805151031094
"t=186",0.760267044798908,2.19016688046281,5.09509006615933,3.60250393695825
"t=187",3.8040900121603,2.01556956739696,4.68891597809534,3.3153169133059
"t=188",-2.75796060968144,2.86545652060252,6.66604868486014,4.7132565507848
"t=189",-2.08658872583996,2.61755671167547,6.08934749138757,4.30549765095057
"t=190",-1.14221706599072,2.42228961753576,5.63508830206551,3.98431186293058
"t=191",-2.10102947062913,2.16473995737333,5.0359381976867,3.56068037029229
"t=192",1.88212758751605,2.34454464961508,5.45422646122588,3.85643277046904
"t=193",1.71433497082329,2.32113797644877,5.39977439686706,3.81793221921656
"t=194",1.24982541281922,2.27503557937068,5.29252418343625,3.74210052417151
"t=195",-0.40222560784049,2.15258283656099,5.00765650553047,3.54068368603084
"t=196",1.19435502127418,1.92304628736308,4.47367464228923,3.16312966056473
"t=197",-0.282899152297185,2.04902014486199,4.76673365786655,3.37033821697288
"t=198",-0.0103011966300276,1.86263087043557,4.33312736556062,3.06375514290772
"t=199",-2.07783719051438,1.73447963726541,4.03500301671952,2.85296512222948
"t=200",-3.40490053776324,2.27118525424166,5.283566987758,3.7357673029181
"t=201",-2.6039664079187,2.72765685358048,6.34547872243988,4.48659626869089
"t=202",-1.96459353564406,2.56143934282259,5.95879896965991,4.21319279325794
"t=203",0.866729988542407,2.3833418138659,5.54448216179958,3.92024842680243
"t=204",-1.73203517649261,2.09351761353476,4.87025024951365,3.44353003970944
"t=205",0.169050885484305,2.23200497754997,5.19242003437196,3.67132148269681
"t=206",-0.682631675164395,1.89766434605195,4.41462741708105,3.12138008234004
"t=207",0.0323194563671812,1.90924696134333,4.44157260954,3.14043178911166
"t=208",1.7205842639746,1.7567128870103,4.08672528999657,2.88953556371129
"t=209",0.508716492143773,2.16141933277221,5.02821326970541,3.55521842887341
"t=210",2.03544953611148,1.94969989580764,4.53568020762975,3.20697094508611
"t=211",0.52137043812629,2.29009724114945,5.32756284829483,3.76687475317624
"t=212",1.38801491400956,1.99148845221083,4.63289492697755,3.27570700365096
"t=213",1.31606708946104,2.11768856557371,4.926480292403,3.48328771783758
"t=214",-3.7952214602594,2.12979328092797,4.95464007123326,3.50319820279125
"t=215",1.37337938934772,2.85316981790363,6.63746554015761,4.69304672328726
"t=216",1.05522128297023,2.3169209588321,5.38996414689973,3.81099584249487
"t=217",1.06086542190559,2.11802661796211,4.92726671985806,3.48384376453473
"t=218",1.84005122274397,2.0666757502917,4.80780673802285,3.39937910359995
"t=219",4.8920527843581,2.25576978415538,5.24770524169544,3.71041111103552
"t=220",0.192880129720646,3.21586533686978,7.48122148962864,5.28962776313777
"t=221",-3.00891140122643,2.18750553573369,5.08889885250664,3.59812641442798
"t=222",2.19984020375006,2.60519707840312,6.06059468480051,4.28516786333476
"t=223",-2.09074236198312,2.44643856918738,5.69126716440057,4.02403335364183
"t=224",1.28164185870185,2.39177033940052,5.56408984425835,3.93411211759791
"t=225",-3.34351961954667,2.18869639437889,5.09166920398419,3.60008520258973
"t=226",2.07959154546663,2.70677789471325,6.29690700086691,4.45225343747116
"t=227",2.75968684088624,2.43733456335699,5.6700880797918,4.00905859663193
"t=228",3.01355746839294,2.55986595556548,5.95513872355928,4.21060480152148
"t=229",2.91359589141738,2.64010568888912,6.14180425659034,4.34258741790449
"t=230",-0.706860050108819,2.624142291232,6.10466784038823,4.31632996536971
"t=231",3.21368924161753,2.12500149710895,4.94349271513301,3.49531641979696
"t=232",1.48488370835034,2.66477248753185,6.19918781117225,4.38316069111726
"t=233",0.477845346137578,2.29764143293555,5.34511326281778,3.77928384439802
"t=234",-1.64092566397646,1.98431772849264,4.6162133291004,3.26391221273522
"t=235",0.800436467616282,2.18447532830817,5.08184953590439,3.59314216675371
"t=236",-2.95711684078479,2.02320774898483,4.70668504559381,3.32788060399402
"t=237",4.34667740110875,2.58003280223955,6.00205382444562,4.2437763124175
"t=238",5.10576828630687,3.00667260557777,6.99456642392267,4.94553634034022
"t=239",0.478074060935194,3.20720199330654,7.46106753874822,5.27537783105626
"t=240",-1.73474539393696,2.23435833049073,5.19789475198256,3.67519240381692
"t=241",-0.0156280253934082,2.26190941203247,5.26198815195471,3.72050990021728
"t=242",2.6194123081667,1.87524608469736,4.36247474243912,3.08450532384101
"t=243",1.4007335734368,2.46264003782766,5.72895741652823,4.05068239809674
"t=244",4.41638792886557,2.23272053248295,5.19408466406904,3.6724984658236
"t=245",-1.18207004410169,3.05361048064711,7.10376024980224,5.02274227438943
"t=246",-0.469763854453109,2.32526764472408,5.40938144187981,3.82472491905731
"t=247",-0.445149103403423,1.99086525846341,4.63144516152813,3.27468194115522
"t=248",-1.14980094909924,1.88109781007757,4.37608789133684,3.09413055555656
"t=249",-3.90821500005104,2.02603546245151,4.71326329080542,3.33253177874567
"t=250",3.31877489185571,2.90144912238811,6.74977999750523,4.77245911237524
"t=251",-3.12432566158649,2.75267006882958,6.40366816255755,4.5277393465151
"t=252",-0.869104333734163,2.68938221869445,6.25643860694307,4.42364009667836
"t=253",-3.73462275527544,2.17503291055594,5.05988318744067,3.57761077166675
"t=254",-0.960454563395376,2.83093449157661,6.58573843602813,4.6564728661318
"t=255",-3.24056288307498,2.22908103398695,5.18561792448031,3.66651202352218
"t=256",-4.59892959115141,2.67675756328868,6.22706926667935,4.40287438644516
"t=257",4.62797651059236,3.07681703074099,7.15774675827696,5.06091365248038
"t=258",2.41052651911875,3.08367838051951,7.17370864474726,5.07219956854936
"t=259",-5.20830093645561,2.57642905208495,5.99367024793489,4.23784867090508
"t=260",0.136341459476365,3.2689551705744,7.60472691140056,5.37695276866106
"t=261",1.84570214517063,2.19184579161298,5.09899579754421,3.60526550005293
"t=262",0.755895165444743,2.2817566956858,5.30815983808712,3.7531557767196
"t=263",-1.4186993697546,2.04076868163772,4.74753788393703,3.35676576776077
"t=264",-2.18488143640743,2.13753694662153,4.97265453145675,3.5159353993932
"t=265",-0.131853658247892,2.36299011268231,5.49713702501803,3.88677285729597
"t=266",-4.92892706060105,1.93179545780578,4.49402825634824,3.17752076530022
"t=267",-0.395438893757731,3.32602353187229,7.73748777238091,5.47082186972608
"t=268",2.85676836738159,2.25007363008648,5.23445400578703,3.70104177135561
"t=269",-1.31985652643792,2.56593351614782,5.96925398022062,4.22058505055208
"t=270",-2.49332262898858,2.23905071532274,5.20881087146069,3.6829106900269
"t=271",6.04190169440002,2.46290180051614,5.72956636760207,4.05111295940428
"t=272",7.98483174381156,3.5763971996268,8.31994402207743,5.88264990522523
"t=273",-6.5791810125244,3.92918854862175,9.14065942679182,6.46294003517667
"t=274",-3.08421424924064,3.5484519189026,8.25493357767521,5.83668400886985
"t=275",1.77865688127492,2.78549717130902,6.48003542262152,4.58173512509071
"t=276",-3.18356832230977,2.38675548259017,5.55242354277897,3.92586341218476
"t=277",1.35278939819563,2.66969637305251,6.21064248178526,4.39125976207462
"t=278",-4.1586380931119,2.27048811901979,5.28194520871668,3.73462061751993
"t=279",4.58978933937643,2.96366928098889,6.89452573118865,4.87480216591924
"t=280",-4.54564066313115,3.07182328610793,7.14612957106632,5.05269967350861
"t=281",0.237458137278948,3.06296634631139,7.12552524800016,5.0381313039606
"t=282",-0.939451522772915,2.1547264592997,5.01264331773141,3.54420963166742
"t=283",2.43135232390919,2.04744628874531,4.76307232103546,3.36774945403105
"t=284",1.15667363673318,2.42066521535099,5.63130937749638,3.98163995910534
"t=285",2.05279560307829,2.16756421366999,5.04250840031818,3.56532585850529
"t=286",4.14134672341472,2.33201670829583,5.42508211157173,3.83582614075184
"t=287",2.25727014929527,2.95408355578612,6.87222599974204,4.8590350510525
"t=288",2.45211068459652,2.52144939773846,5.86576844593043,4.14741518704471
"t=289",-2.64618468590869,2.49325112361136,5.80016945086321,4.10103315357297
"t=290",0.732926201103586,2.53780269355689,5.9038119008912,4.17431396498427
"t=291",-2.10448943954082,2.10696637329907,4.90153674319983,3.46565128098576
"t=292",-0.67874161926029,2.3357537210104,5.43377570315552,3.84197297966935
"t=293",-0.995688592076956,2.03910231941372,4.74366134571986,3.35402484581282
"t=294",-2.25401235932176,2.02912995329465,4.72046215299959,3.33762176323257
"t=295",-0.648291765962439,2.36618382047491,5.50456670035163,3.89202603914204
"t=296",0.0463458723152416,2.04119565347834,4.74853116897075,3.35746807394144
"t=297",-0.87500781484474,1.80691228820602,4.20350656024635,2.97210623083886
"t=298",-1.82887798464895,1.93139126547116,4.49308796436989,3.17685592807263
"t=299",2.51265311498338,2.22677810606925,5.1802605130149,3.66272404418414
"t=300",-3.57562788148917,2.46661384378727,5.73820187157422,4.0572187272422
"t=301",-3.04838804395644,2.7845042682418,6.47772558468195,4.58010194487938
"t=302",-1.67109509335706,2.67473141827287,6.22235574852933,4.39954167446718
"t=303",1.38300237739926,2.34025814611734,5.44425456292683,3.84938209964383
"t=304",2.92894088978869,2.19981600408297,5.11753728437945,3.61837533294178
"t=305",0.753972671398954,2.58245469690337,6.00768799394795,4.24775997463938
"t=306",1.09238406140511,2.12339226314717,4.93974907712719,3.49266946547832
"t=307",1.57523003692987,2.07580267802576,4.82903914695351,3.41439156378625
"t=308",1.46265113187434,2.18667338907262,5.08696298989078,3.59675765497437
"t=309",-3.54040509971938,2.18301016677423,5.07844106048478,3.59073219049054
"t=310",1.51641967607074,2.76837543722306,6.44020431293075,4.55357237867972
"t=311",1.37182239881127,2.32745273026912,5.41446471099212,3.82831906494127
"t=312",0.467716290876403,2.1941417446904,5.10433698310477,3.60904200679963
"t=313",-0.803796907728494,1.95059944169037,4.53777286428164,3.20845056639392
"t=314",-1.62632259383846,1.95580675205336,4.54988687967405,3.21701582973114
"t=315",-2.35162281816527,2.1743588143997,5.05831500528071,3.57650198215925
"t=316",-2.02458738556192,2.41476885478071,5.61759239161914,3.9719413090355
"t=317",-0.968230331519174,2.36972748929473,5.51281050677694,3.89785485565305
"t=318",-1.39192257247858,2.11231518942852,4.91397995023121,3.47444930059618
"t=319",2.0272818304845,2.14766600524037,4.99621824544073,3.53259621820001
"t=320",3.79434303894421,2.32162682294503,5.40091162387436,3.81873630014896
"t=321",0.19119393205889,2.84630820232737,6.62150303534929,4.6817603700199
"t=322",2.51410348724017,2.08700729896499,4.85510499305492,3.43282152517676
"t=323",-4.20320815814114,2.44974179547566,5.6989516178538,4.02946667738276
"t=324",0.107048693814699,2.96793347046938,6.9044457193211,4.88181613345223
"t=325",0.965566867329691,2.10579344689265,4.89880810834784,3.46372198873201
"t=326",-3.57637633966714,2.04017988544004,4.74616813915431,3.35579728419948
"t=327",-0.432875230941809,2.78427307054712,6.47718773841645,4.57972165851274
"t=328",0.55929862095719,2.11486604529759,4.9199141283592,3.47864508512425
"t=329",-0.0468015963630817,1.94690432467999,4.52917673668021,3.20237263977738
"t=330",0.22083918611716,1.7736416089551,4.12610738630308,2.91738083340185
"t=331",-0.198510820054952,1.75219752392155,4.07622098467452,2.88210845235775
"t=332",2.40794523949357,1.73880878680265,4.04507412454188,2.86008593954743
"t=333",2.44031068941982,2.3821778382641,5.54177434963289,3.91833385731212
"t=334",0.870052339030117,2.46905557711492,5.74388219270998,4.06123502116224
"t=335",-0.688210886559091,2.11733624301898,4.92566066757683,3.48270819880558
"t=336",0.737524326709724,1.97753561156865,4.60043576581277,3.25275662311438
"t=337",3.50157598975224,1.94742353986747,4.53038461182778,3.20322667276168
"t=338",-1.59376096646856,2.76390816210608,6.4298118769596,4.54622436500096
"t=339",-3.60586572103554,2.34279675353819,5.45016024690336,3.85355773726743
"t=340",-0.756774077203509,2.78946326318839,6.48926193203334,4.58825876570331
"t=341",-0.643879046059435,2.17862269188186,5.06823426759649,3.58351543650065
"t=342",-0.0978146862216546,1.98554221768394,4.61906191692738,3.2659263182227
"t=343",-2.54636664076285,1.79894708212639,4.1849767200167,2.95900463272936
"t=344",1.80661092462856,2.43337335406277,5.66087292897156,4.00254298715722
"t=345",0.010391284170961,2.3206513975124,5.39864244499288,3.81713186808827
"t=346",3.05595133323022,1.89342520065885,4.40476569020807,3.11440730866503
"t=347",0.725303432079795,2.61007503002264,6.07194249718026,4.29319137974822
"t=348",-2.83808465820344,2.12495783268016,4.94339113648191,3.49524459820289
"t=349",1.07949584089218,2.54957985213881,5.93120966872048,4.19368566699292
"t=350",2.48011796806398,2.18311042071394,5.07867428602427,3.59089709354687
"t=351",-2.00496255051765,2.4518457137355,5.70384606362472,4.03292731496325
"t=352",0.818295155464565,2.37191892769412,5.51790855483845,3.90145945105252
"t=353",0.241940579213975,2.07976894183695,4.83826605633855,3.42091548720153
"t=354",-1.64109912870993,1.86360765344186,4.33539970263071,3.06536180797836
"t=355",0.474038614344892,2.15908685182225,5.02278710760622,3.55138183912306
"t=356",-2.4579018683691,1.94117177023776,4.5158408208407,3.19294342681139
"t=357",-3.07643553318233,2.41667906997791,5.6220362166821,3.97508333343087
"t=358",1.38486002817737,2.64253029482981,6.14744473346585,4.34657553977996
"t=359",-4.4398434739313,2.2710450433985,5.28324080856109,3.73553667660418
"t=360",2.16648449328867,3.05680251573664,7.11118603384663,5.0279927048838
"t=361",0.940844742609732,2.52101638937848,5.86476111785274,4.1467029516733
"t=362",-0.944212250514635,2.14618932147859,4.99278296531086,3.53016728955857
"t=363",5.28189936187458,2.04621852615283,4.76021611813862,3.36572996427778
"t=364",0.191203218932631,3.42893835214015,7.97690344571834,5.64010168511073
"t=365",-0.648033885704208,2.24200274109821,5.21567831034756,3.68776634033053
"t=366",2.01407735513522,2.00518691798405,4.6647623237067,3.29823897476171
"t=367",-0.955275857451481,2.29316326474281,5.33469548576299,3.77191791320409
"t=368",1.53152822606356,2.0889167711239,4.85954708955235,3.43596232738291
"t=369",1.86012099913219,2.17815735827001,5.06715173973785,3.58275003082146
"t=370",2.79852668284797,2.28283400233689,5.31066602812457,3.75492778847198
"t=371",1.11992948201161,2.552749399281,5.93858313797638,4.19889910810554
"t=372",1.34142859319317,2.19257357508327,5.10068887507309,3.60646259733367
"t=373",-2.99050864257732,2.15439650036249,5.01187571845931,3.54366689751281
"t=374",-0.546546248743131,2.59751976828503,6.04273459072894,4.27253981194178
"t=375",3.48311598056087,2.08538686557615,4.85133530128578,3.4301561494399
"t=376",4.31956780645731,2.75129839034869,6.40047716123967,4.5254831361908
"t=377",-1.05378580948089,2.99774608744426,6.97380023744021,4.93085352461228
"t=378",0.63519835322947,2.28771762559361,5.32202703470545,3.76296063389846
"t=379",1.7837041231796,2.01569631453,4.68921083601883,3.31552539378739
"t=380",-6.61468333515947,2.2303121048871,5.18848182365166,3.66853695495732
"t=381",7.60559980069484,3.90726690760907,9.08966206382648,6.42688214444824
"t=382",0.916196839208117,3.78973393432423,8.81623948129561,6.23355760705429
"t=383",2.15510411016629,2.44461238425965,5.68701882297634,4.02102954673997
"t=384",-0.349493470020343,2.4072300355318,5.60005447548667,3.95954105485101
"t=385",3.55963796620204,1.99016146995129,4.62980790461918,3.27352431206845
"t=386",1.25102691952657,2.78144224713058,6.4706022583796,4.57506536834878
"t=387",1.38038808055751,2.27541119278895,5.29339799091331,3.74271835326488
"t=388",-1.71469739468345,2.18377877101367,5.08022910132318,3.59199643196147
"t=389",-6.43358822613309,2.24622473328463,5.22550013289465,3.69471089949132
"t=390",4.43708870870544,3.82008933652592,8.88685670667316,6.2834878004633
"t=391",-4.51113964761415,3.08643585160554,7.18012348174597,5.07673520486642
"t=392",-4.10663228824798,3.05486700155058,7.10668335453471,5.02480906735484
"t=393",6.47238512891823,2.95440182462537,6.87296640377961,4.85955855670709
"t=394",-0.131893547838957,3.60217317367438,8.37990790450435,5.9250476096256
"t=395",-0.414792331846623,2.27572239277219,5.29412195033271,3.74323023168602
"t=396",-1.75925620608035,1.96406239834122,4.56909238486465,3.23059515947056
"t=397",1.07793246249663,2.21325801656254,5.14880808153411,3.64048547592231
"t=398",0.151809548631421,2.09608995085418,4.87623440096798,3.44776115807903
"t=399",2.30228341887529,1.84903634745393,4.30150177592369,3.0413941424747
"t=400",1.5080519154816,2.35767562543443,5.4847736789073,3.87803130367091
"t=401",-1.2317420263867,2.23336207840288,5.19557712305598,3.67355371495686
"t=402",1.93861772366329,2.13787404579776,4.97343874140872,3.51648987819587
"t=403",1.59109367479221,2.29596414887392,5.34121131660683,3.77652495762581
"t=404",-1.97834991945555,2.23946942283778,5.20978493079814,3.68359940260164
"t=405",1.91549711745981,2.32535971394008,5.40959562690472,3.82487635944118
"t=406",-3.20218659093777,2.32568432117841,5.41035077626351,3.82541029083448
"t=407",-2.43670106699678,2.67073686777368,6.2130630344678,4.39297122359056
"t=408",-2.84972315937558,2.51321599830264,5.84661469465678,4.13387245012057
"t=409",-1.50498743350076,2.59251358995991,6.03108847842522,4.26430538136654
"t=410",-2.91364759772151,2.28578207760233,5.31752427675085,3.75977694076487
"t=411",-0.119048110750695,2.5854069086384,6.01455586544145,4.25261593081927
"t=412",1.55945907473483,1.99769410420056,4.6473314322909,3.28591439283387
"t=413",0.422568679117789,2.16513708346272,5.03686205112049,3.56133358458079
"t=414",-2.43312572798838,1.93153437656544,4.4934208905598,3.17709132487511
"t=415",-2.05145034369507,2.40795081057806,5.60173124898318,3.96072662430005
"t=416",-0.752555315397337,2.37506891035671,5.52523651030883,3.90664071145991
"t=417",-1.46704191457254,2.06628744291695,4.80690339998712,3.39874039480622
"t=418",-0.346359991191315,2.15615722317316,5.01597177222669,3.54656302881399
"t=419",-0.458036927840632,1.91175046743533,4.44739663561475,3.14454969018717
"t=420",-3.26019028308244,1.85824809897129,4.3229315144823,3.05654612536861
"t=421",0.657372468170654,2.68315479041023,6.24195144239334,4.41339688867848
"t=422",-0.388456367728024,2.13096754377313,4.95737181510665,3.5051296932911
"t=423",0.159771527286963,1.9131136116274,4.45056778320799,3.14679186285555
"t=424",1.19991430858512,1.78764687356055,4.15868850384335,2.94041744368454
"t=425",-3.25867124643887,2.01515339360661,4.68794781308291,3.31463236833739
"t=426",5.56574512853054,2.67802037399637,6.23000700368452,4.40495152521787
"t=427",8.46237981725321,3.36738486314081,7.83370861744493,5.53885520547865
"t=428",-1.22111000232645,4.11419813745421,9.57105609044938,6.76725372838855
"t=429",-1.02402027038679,2.56128071445121,5.95842994488539,4.21293187280594
"t=430",4.40073563282741,2.17425004989748,5.05806198121219,3.57632308047329
"t=431",1.63236637088482,3.05631070060024,7.11004190074964,5.0271837409729
"t=432",-0.962657304791167,2.41315862808613,5.61384644417147,3.96929272181671
"t=433",0.540638831115214,2.12258243247463,4.93786512926379,3.49133741255937
"t=434",-2.64590620641883,1.9449947201916,4.52473433233839,3.19923161990862
"t=435",1.87970132928641,2.47619785321089,5.76049761152165,4.07298301990338
"t=436",0.836044497322538,2.34666585703006,5.45916112758611,3.85992184617908
"t=437",1.38984737833073,2.07672959368087,4.83119547521718,3.41591620436343
"t=438",-2.78746002294576,2.13861543848737,4.97516347871602,3.51770936065037
"t=439",-3.07943295209494,2.53562710598788,5.89875072737524,4.17073544188064
"t=440",1.75924319511553,2.6546737300521,6.17569458817878,4.36654971324899
"t=441",-0.104449725898797,2.35544980084834,5.47959563661345,3.87437014802751
"t=442",-0.629868226276823,1.92380983055847,4.47545090937856,3.16438557735899
"t=443",-1.78041034149566,1.90427914853015,4.43001574876342,3.13226046418788
"t=444",3.73440924062328,2.20760534164863,5.1356579932655,3.6311876530882
"t=445",-2.78194844509483,2.82976857200555,6.5830261015127,4.65455509909662
"t=446",1.33611434441212,2.61792519602214,6.09020471416406,4.30610375376467
"t=447",1.51518514034368,2.25482996432966,5.24551889384189,3.7088652449865
"t=448",-2.04028266015086,2.21167902717108,5.14513480292015,3.63788826949485
"t=449",0.23149759674676,2.3365036302593,5.43552025294243,3.84320647061729
"t=450",0.83497808312891,1.94402540424937,4.5224793662569,3.19763723706538
"t=451",3.70346916260753,1.9616984122836,4.56359293092525,3.22670674842963
"t=452",1.19499253349839,2.83495312628134,6.59508717833002,4.66308293200127
"t=453",-0.634619317439862,2.27668239568282,5.29635525106294,3.74480929595546
"t=454",1.10248159258702,2.01235047489318,4.68142724909284,3.31002197732557
"t=455",3.00348738590324,2.04871884239502,4.76603272351306,3.36984261851726
"t=456",3.28671980814,2.59587258776433,6.03890267582645,4.26983044108807
"t=457",-4.56543207998833,2.71456354451854,6.31501913073948,4.46505969179157
"t=458",-2.49253250587842,3.06619880121968,7.13304506260397,5.04344821914044
"t=459",-5.11814612815749,2.59070722249721,6.02688623931864,4.26133417129391
"t=460",3.37819730678528,3.23877737581911,7.53452286272837,5.32731471350444
"t=461",-0.533606383140815,2.80490310214715,6.52518036857057,4.61365504081417
"t=462",-0.263776503337158,2.13963788349704,4.97754204149059,3.51939113303288
"t=463",-0.639536113278926,1.88816173281735,4.39252103298491,3.1057496744956
"t=464",0.849413048814558,1.89543323819096,4.40943708405188,3.11771023648277
"t=465",0.508889660813856,1.950999858249,4.53870437249154,3.20910919302267
"t=466",-0.0512692332427874,1.88339214590286,4.38142531460634,3.09790440216024
"t=467",3.4080729745707,1.75166031796481,4.07497125673914,2.88122482719139
"t=468",-4.00922973281541,2.74878936766895,6.39464030166272,4.52135616113591
"t=469",3.63872353810323,2.91429823364127,6.77967150015235,4.79359401962312
"t=470",2.27195028501861,2.83070143966762,6.58519627621511,4.65608952985404
"t=471",2.89959316372143,2.50275284516679,5.82227376060342,4.11666209473571
"t=472",0.234802034981391,2.60420057673014,6.0582764752521,4.28352876394369
"t=473",0.88025051515211,2.0257091985555,4.71250428748456,3.33199512239297
"t=474",-1.19051305334148,1.99677156926419,4.64518529510293,3.28439695789778
"t=475",2.39556781335229,2.06720253787574,4.80903222919907,3.40024559206821
"t=476",-3.05623017679361,2.41263297956588,5.6126236028539,3.96842810694167
"t=477",1.06236246082629,2.63664338561262,6.13374973472376,4.33689243580252
"t=478",0.439534225372024,2.20133083896459,5.1210613172858,3.62086701459103
"t=479",2.87137108391473,1.94657336194861,4.52840680223369,3.2018282545283
"t=480",0.020046036133064,2.54907261840284,5.93002966659717,4.1928513417426
"t=481",0.142149085512015,1.9675452859448,4.57719479303677,3.23632399977758
"t=482",2.44007877271562,1.80273557811045,4.19379007959502,2.96523615408942
"t=483",1.57920168946421,2.39800354120545,5.57859044002572,3.94436482219427
"t=484",-0.623823960482971,2.25922222044745,5.25573680952376,3.71608986339235
"t=485",-2.50529701349782,2.00484737080533,4.66397241884935,3.29768046935327
"t=486",1.67954187387987,2.43795845080521,5.67153945903061,4.01008480016395
"t=487",1.95612906896135,2.29153424023599,5.33090580806479,3.76923840633566
"t=488",2.21341021242436,2.32943492594428,5.41907598768695,3.83157948668688
"t=489",-0.210213808027454,2.40206101040106,5.5880295248629,3.9510387651169
"t=490",2.52303781682572,1.95998768977175,4.55961319524674,3.22389286030131
"t=491",-2.53068768588724,2.43883924319737,5.67358848853958,4.01153357472478
"t=492",-4.37898911869395,2.50065556207538,5.81739475054247,4.11321237103607
"t=493",0.513585554155961,3.01902563748944,7.02330387344836,4.96585526968399
"t=494",3.23663890435259,2.19247621920125,5.10046239142393,3.60630246115803
"t=495",-1.65678683564118,2.67407501075633,6.22082871629874,4.39846198018285
"t=496",-0.19272044787835,2.3369898765098,5.43665143087354,3.84400627452602
"t=497",0.862409112139635,1.93612908174438,4.50410977318469,3.18464894235347
"t=498",3.46680855063652,1.96631751664904,4.57433857454577,3.23430449899839
"t=499",0.239561277838342,2.75045985969179,6.39852644722866,4.52410387599848
"t=500",0.0503373488154843,2.06888696448892,4.81295079146961,3.40301622729222
"t=501",-1.66747965544135,1.81741620737386,4.22794233027154,2.98938364037928
"t=502",0.275867313759967,2.15732759136373,5.01869445577865,3.54848811317711
"t=503",0.401876642442293,1.89656734424968,4.41207540927053,3.11957567494681
"t=504",-0.46386972902283,1.83955061043332,4.27943465177208,3.02579149353204
"t=505",-1.58973070891237,1.83561313331945,4.27027471025915,3.01931492002026
"t=506",-0.862407471364979,2.13826019326405,4.97433705474599,3.51712503425633
"t=507",0.869512843976244,2.02456805692489,4.70984959507821,3.330118111443
"t=508",2.90978584002757,1.99379842595936,4.63826872949653,3.27950657234939
"t=509",3.24092254261409,2.56356804726749,5.96375107671976,4.21669420048483
"t=510",0.634359398301587,2.6997109610656,6.28046685479972,4.4406293660294
"t=511",2.32540827228441,2.13086929462449,4.95714325340858,3.50496808782261
"t=512",1.74401644181095,2.40119076084178,5.58600502165077,3.94960733197296
"t=513",0.617541739226828,2.29904324254312,5.34837435961815,3.78158961601533
"t=514",-4.80503197478334,2.01511873223579,4.68786717867661,3.3145753554559
"t=515",-1.65013632662025,3.24437521589291,7.54754538608326,5.33652234105292
"t=516",-2.63174537685531,2.45579762386724,5.7130395813581,4.03942762867683
"t=517",-1.9931927121576,2.52899241717309,5.88331613315603,4.15982234991993
"t=518",2.06746092318831,2.38378966807438,5.54552402648536,3.92098508142159
"t=519",-0.222615357690541,2.37460351486563,5.52415383849756,3.90587520399844
"t=520",-1.08852884440496,1.9540383130757,4.54577287541801,3.2141070064647
"t=521",0.320369716200391,2.02942944696794,4.72115887946974,3.33811438648733
"t=522",-0.435839149062086,1.86469262600199,4.33792372623937,3.06714642902904
"t=523",-0.280829322635057,1.83712244664375,4.2737858981024,3.02179751951594
"t=524",2.3471276713939,1.78965876408405,4.16336886108549,2.94372670910914
"t=525",-1.08504081214839,2.36602771175714,5.50420353716794,3.89176926315142
"t=526",2.9093430134653,2.13755315840667,4.97269224570864,3.51596206540679
"t=527",-1.21478710876847,2.57193658620678,5.98321920949,4.23045922211141
"t=528",-0.409910276322345,2.21770636762485,5.15915649357091,3.64780236230111
"t=529",3.4254872316974,1.94512660214204,4.52504113563341,3.19944854641312
"t=530",-0.252746001943434,2.73717130723306,6.36761265146722,4.5022461522898
"t=531",-1.41914148460075,2.06758956051749,4.8099325784989,3.40088218766419
"t=532",-1.25982511980452,2.14400582400073,4.98770339059528,3.52657575581268
"t=533",-0.929460990609744,2.12229933852615,4.9372065542586,3.49087176445145
"t=534",2.83665254647363,2.03605965239642,4.73658304377275,3.34902010393381
"t=535",2.89940150112537,2.54272710118884,5.91526778611669,4.18241389473827
"t=536",3.34019783029072,2.60880385537603,6.06898530274357,4.29110048352024
"t=537",5.31784352448971,2.72965329941619,6.35012314996541,4.48988012986476
"t=538",-4.52841740970704,3.28459239070092,7.64110452519781,5.40267370690162
"t=539",3.73181759621951,3.06760482553171,7.13631596427312,5.04576092332967
"t=540",-4.65101066309618,2.86629113935219,6.66799029841406,4.71462937646231
"t=541",2.68391302256666,3.08762120938292,7.18288103629136,5.07868494490578
"t=542",-0.836388722101355,2.63478505275178,6.12942660602369,4.33383575025629
"t=543",0.0491699594656168,2.15417914570716,5.01137007591896,3.54330938091964
"t=544",1.70690725056447,1.84632855555573,4.29520250999797,3.03694022114992
"t=545",0.468829822095889,2.17478610897797,5.05930904111445,3.57720481919609
"t=546",1.02808637553382,1.94486929179883,4.52444254226352,3.19902530856184
"t=547",3.96135029972645,2.01125806290289,4.67888591878164,3.30822511950121
"t=548",-2.22174058271039,2.92247277879513,6.79868833589228,4.80703994986812
"t=549",4.05222018046582,2.50818019313984,5.83489966002221,4.12558928773391
"t=550",-1.40186701102942,2.92195312605483,6.79747944284465,4.80618519717348
"t=551",-1.07300946971532,2.33817895453067,5.43941763999946,3.84596213382137
"t=552",-2.51666196378046,2.12762188016371,4.94958863768161,3.49962656636858
"t=553",0.699379392776737,2.45528741229034,5.71185265174088,4.03858840531407
"t=554",-3.12032504492339,2.07723555779635,4.83237252376159,3.4167484412739
"t=555",-1.18363081108932,2.63394367797636,6.12746927560361,4.33245181190531
"t=556",3.54196125020064,2.22613238444097,5.17875833987772,3.66166192662186
"t=557",-2.01899092977907,2.76877748879839,6.44113962475828,4.55423369467162
"t=558",-4.6510586997738,2.43559496907427,5.6660411783305,4.00619721866658
"t=559",-3.37458549588979,3.10809520549649,7.23051067362329,5.11236167167138
"t=560",1.55782667752246,2.78867915651903,6.48743782715005,4.5869690250043
"t=561",-2.2912421910606,2.34061193370089,5.44507759591968,3.8499640284338
"t=562",2.11174430982821,2.42400384822148,5.63907619897685,3.98713152149142
"t=563",-2.93880481533762,2.39286690242605,5.56664083132152,3.93591580326762
"t=564",3.85687633195427,2.60273754152875,6.05487294642169,4.28112228518632
"t=565",0.482700725374229,2.86800827716065,6.67198495830421,4.71745381681454
"t=566",2.20027992838669,2.14695870508584,4.99457281922991,3.53143281297547
"t=567",2.37054955314893,2.36874125705618,5.51051618750548,3.89623264797845
"t=568",1.30318552665175,2.44895937456467,5.6971314346309,4.0281797095095
"t=569",1.14502218408776,2.20742958798407,5.13524912910159,3.63089856403559
"t=570",-1.46389296306732,2.11052891174356,4.90982444693636,3.47151113526734
"t=571",0.667585579002719,2.16562252488711,5.03799135674609,3.56213206466837
"t=572",2.69316310744595,1.98710389263353,4.6226949161263,3.26849504492766
"t=573",2.80943386785722,2.49435540919256,5.80273840327739,4.10284954171641
"t=574",-0.398922924371109,2.57982132672432,6.00156185883035,4.24342846614926
"t=575",2.21774899071489,2.05089219685776,4.77108870204699,3.37341746848795
"t=576",1.58574982190349,2.35885979302944,5.48752846467446,3.87997908603448
"t=577",-1.04960709733586,2.25210058889322,5.23916941709786,3.70437582190055
"t=578",-2.09756040897231,2.09968733133018,4.88460315939046,3.45367832240251
"t=579",-4.90391283148578,2.33261742294763,5.42647958282483,3.8368142284256
"t=580",0.112948605408597,3.20562073124366,7.45738897310993,5.27277688641696
"t=581",0.0498579696826814,2.17124296048654,5.05106644515401,3.57137685854914
"t=582",2.30144426099752,1.85222847611797,4.30892777765495,3.04664472688544
"t=583",-1.10877088222015,2.3577704736959,5.48499432895873,3.8781873151778
"t=584",3.09014955949164,2.14080312682481,4.98025280282888,3.52130778774684
"t=585",-5.06073556236223,2.62705811137701,6.11145105238366,4.32112606271076
"t=586",5.54889528127871,3.2170729844495,7.48403089800832,5.29161416663936
"t=587",2.88804563727306,3.31721128859638,7.71698742897046,5.45632701941211
"t=588",-2.92854876528369,2.71240252805958,6.3099918546944,4.46150513603114
"t=589",4.59545045969284,2.63684941589881,6.13422903284202,4.33723132546602
"t=590",0.444668984672966,3.07731656860291,7.15890885712003,5.06173531914435
"t=591",-2.33184275516676,2.19520795928027,5.10681736914919,3.61079577373489
"t=592",-3.258612612934,2.41234703954559,5.6119584068956,3.96795777746221
"t=593",1.34612943142546,2.69250071142275,6.26369330587176,4.42876956075312
"t=594",1.17268147739998,2.27437613774536,5.29099009281314,3.74101583922234
"t=595",-3.4354380146018,2.13424428700557,4.96499465975922,3.51051945628157
"t=596",1.44005632709297,2.73516691595408,6.36294974007663,4.49894922202475
"t=597",3.45617106568182,2.30396146555613,5.35981585726852,3.78967937297643
"t=598",0.103603848377352,2.74396979179261,6.38342829156902,4.51342866427534
"t=599",-3.22702448251815,2.04159296887619,4.74945546280184,3.35812159961462
"t=600",0.546380025545344,2.66760516225215,6.20577759798565,4.38782002640491
"t=601",1.99486809360893,2.10477046210576,4.89642828986369,3.46203932849498
"t=602",0.751315305100563,2.30517700518719,5.36264362530506,3.79167875774729
"t=603",-2.79308166054175,2.04638157675166,4.76059543055257,3.36599815864664
"t=604",-0.410840830983096,2.52990086906491,5.88542950828323,4.1613166203091
"t=605",-0.534595070822228,2.03887751466214,4.74313837166394,3.35365507490183
"t=606",-2.25420164765634,1.9175317213664,4.4608458434066,3.15405900668402
"t=607",0.305779242755271,2.35099357500709,5.46922890510142,3.86704030879002
"t=608",0.0482517117834124,1.96399376143414,4.56893271154178,3.230482261805
"t=609",2.66970130685725,1.78008819892707,4.14110439717919,2.92798453029871
"t=610",0.202945755609286,2.47473543533777,5.75709551881156,4.07057755656067
"t=611",-1.68772599927023,1.9807667570959,4.60795253434082,3.2580713845541
"t=612",1.05654888273678,2.19665707904746,5.11018852583883,3.61317936363985
"t=613",1.48077886132138,2.08662645288497,4.85421901258633,3.43219508912073
"t=614",2.82963819571113,2.16443928390191,5.03523872659568,3.5601858064423
"t=615",3.24219167952142,2.55033851368414,5.93297457939358,4.19493355418739
"t=616",1.92123977697563,2.6988858475074,6.27854735362776,4.43927217500055
"t=617",7.53453093411963,2.40038822517186,5.58413804450123,3.94828727826554
"t=618",3.93939905018719,4.20174993334721,9.77473202469352,6.91126361740926
"t=619",-7.04701132773941,3.03168834917865,7.05276174586614,4.98668357693302
"t=620",-1.5602811099014,3.76327468681289,8.75468606709888,6.19003601781885
"t=621",-0.174071070172358,2.54542208239328,5.92153724991221,4.18684674434695
"t=622",-1.10867818496795,1.99639676308725,4.64431336555004,3.28378045659824
"t=623",0.177412802823865,2.0460300105493,4.75977756526512,3.36541988370358
"t=624",0.0903959835893745,1.8377961003619,4.27535305099746,3.02290558127755
"t=625",-0.114307556381036,1.74412410556874,4.05743940505321,2.86882886089823
"t=626",2.29861760642495,1.71500246598324,3.98969234071491,2.82092802640325
"t=627",-1.26799777655801,2.34285351718998,5.45029229890401,3.85365110516595
"t=628",0.0822766937408465,2.17359301437259,5.05653348801569,3.57524235320713
"t=629",-0.0395319247556033,1.85994087354,4.32686949700144,3.05933049175755
"t=630",-0.204760775588985,1.74030491952031,4.04855464970889,2.86254685887447
"t=631",-0.476899645922782,1.73597200928827,4.03847479320218,2.85541985576405
"t=632",2.22799619725484,1.80369061688172,4.19601183201021,2.96680705307624
"t=633",2.18654496495149,2.32861477037666,5.41716802052585,3.83023045082682
"t=634",2.58750889179506,2.39500586360226,5.57161679910645,3.93943408131621
"t=635",0.144631670931578,2.5092335402729,5.83735011188584,4.12732188958617
"t=636",0.820229135551512,1.9796691654653,4.60539915438441,3.2562660069796
"t=637",-0.0775943453042128,1.96852070377748,4.57946395423812,3.23792841933745
"t=638",-2.13453821151312,1.78835498992697,4.16033582884695,2.94158219145815
"t=639",-4.26663781701097,2.29662677040226,5.34275280479059,3.77761487305001
"t=640",2.80195113506971,2.99681955078951,6.97164479086321,4.92932950743521
"t=641",3.72766786235832,2.64664611568693,6.15701956456674,4.35334546264467
"t=642",2.16570764540916,2.83476365628596,6.59464640520907,4.66277128159217
"t=643",-1.01925321681934,2.48012191812328,5.76962635158818,4.07943753230692
"t=644",1.19848523266534,2.15242302689831,5.00728473266144,3.54042082252756
"t=645",0.940120685193549,2.10932587833676,4.90702577272806,3.46953232140483
"t=646",-0.47915435443326,2.03500958388504,4.7341402191237,3.34729289493432
"t=647",3.36981223758913,1.90330712508667,4.42775448409217,3.13066162790139
"t=648",-2.51698515986783,2.71989142370288,6.3274136311531,4.47382327319188
"t=649",-0.561996233170935,2.53987642239748,5.90863611557083,4.17772494538902
"t=650",3.59210450222052,2.07236882294182,4.82105080547921,3.408743374797
"t=651",2.63072944660434,2.78804028456651,6.48595158874153,4.58591817415604
"t=652",-0.862666293355216,2.57682642860186,5.99459468395018,4.23850229711017
"t=653",3.66000123931548,2.14437242755311,4.98855623798998,3.52717876499547
"t=654",-1.80180870174542,2.80770113170251,6.5316895586782,4.61825738987663
"t=655",4.48990079969874,2.39626145401755,5.57453773919975,3.94149934376478
"t=656",-6.56490400382819,3.06032298358191,7.1193758667341,5.03378335918765
"t=657",5.12159450997669,3.61188141676047,8.40249265516835,5.94101624847709
"t=658",0.504947457822393,3.21786047434846,7.48586287346059,5.29290947225585
"t=659",-0.77369973152901,2.2417248620448,5.21503186700241,3.68730926996167
"t=660",0.55906097486594,2.03340367080509,4.73040430664425,3.34465140298018
"t=661",-0.133770720725544,1.92158029318044,4.47026422983909,3.16071831471632
"t=662",-1.47449884196642,1.78459547457,4.15158988828883,2.93539833898766
"t=663",-1.4827321297103,2.09334825502487,4.86985626270422,3.4432514697502
"t=664",1.13707167318523,2.16649663129161,5.04002483232187,3.56356984175814
"t=665",-1.67165081318543,2.0979995543118,4.88067680291188,3.45090217625233
"t=666",-0.115069400454905,2.21691896998178,5.15732473273792,3.64650720843205
"t=667",-2.08003619679842,1.8812801707302,4.37651212565339,3.09443051213746
"t=668",-2.325241776875,2.2926817263258,5.33357525989032,3.77112585299236
"t=669",-1.51335379545091,2.42533138698282,5.64216451595201,3.98931512843794
"t=670",0.0943849018105761,2.24995601120124,5.23418038334342,3.70084830550563
"t=671",2.31947647594404,1.88774036990279,4.39154079626444,3.10505659417733
"t=672",-4.45653665141921,2.36755407325288,5.50775438498857,3.89427990439373
"t=673",0.0597298584716035,3.05218057359888,7.10043378858052,5.02039028659495
"t=674",-1.47264824838547,2.12073719768192,4.93357247122667,3.48830227141801
"t=675",-3.19443910508943,2.17023476415432,5.04872102975993,3.56971852315541
"t=676",-1.39608922534134,2.66031922938311,6.18882798354536,4.37583573329955
"t=677",-0.778463221327733,2.27755604708376,5.29838766814216,3.74624632463097
"t=678",1.70749034799342,2.04463532152413,4.75653303341646,3.36312582440205
"t=679",0.470399604122028,2.21531259590188,5.15358774781224,3.64386495820049
"t=680",-1.35447486216241,1.95770189413714,4.55429563943166,3.22013306106124
"t=681",-0.943003576398707,2.10056179079189,4.88663745630012,3.45511668021971
"t=682",2.58571296819872,2.03326545130913,4.73008276001368,3.34442405214094
"t=683",2.78087331081866,2.46529688758873,5.73513817332155,4.0550525270625
"t=684",-3.50342361960717,2.56884305519894,5.97602258020662,4.22537081641307
"t=685",-0.0504919021608651,2.7700477564579,6.44409470922743,4.55632309903856
"t=686",1.3794553162449,2.03935103342593,4.74423994103339,3.35443394395787
"t=687",-0.45346045290274,2.12694399780936,4.94801164750773,3.49851154911939
"t=688",-2.74339306242499,1.92649612071811,4.4817001547805,3.16880413147112
"t=689",-3.98267770496584,2.5063264871801,5.83058729510368,4.12254021276273
"t=690",2.63175645543047,2.9017632574233,6.75051078487651,4.77297581852723
"t=691",3.29679239139014,2.594500426218,6.0357105507303,4.26757343619182
"t=692",0.115788164157173,2.71707970740823,6.32087260092865,4.46919841144667
"t=693",1.18905738487275,2.03603778948402,4.73653218303295,3.34898414264304
"t=694",0.0533558166178287,2.07701654962773,4.8318630345741,3.4163882048934
"t=695",-3.06620971480857,1.82088752866526,4.23601783117792,2.99509345579576
"t=696",2.39246352861777,2.61492609755989,6.08322776783236,4.30117067578144
"t=697",-2.3868057178057,2.49366785600869,5.8011389153898,4.1017186173682
"t=698",3.0719393612458,2.47271657710291,5.75239895224891,4.06725683027076
"t=699",3.17430261121115,2.64650329609391,6.15668731651015,4.35311054531909
"t=700",1.34895707199842,2.69038078547265,6.25876162064462,4.42528259286523
"t=701",1.85180213387463,2.27448116987157,5.29123443407665,3.74118860169608
"t=702",-2.46581922798091,2.29968189417644,5.34986008548759,3.78264010447076
"t=703",2.64596158025157,2.46378327737179,5.73161698941124,4.05256285980737
"t=704",1.68918340267866,2.53373302720653,5.89434444122898,4.1676199595274
"t=705",2.17441233725289,2.31422713834525,5.38369738333709,3.80656490209671
"t=706",-0.982393586074298,2.38943118494274,5.55864815725843,3.93026455090402
"t=707",3.91513654024681,2.12067894338242,4.93343695146086,3.48820645162218
"t=708",2.61185017266984,2.89436630757322,6.7333029063184,4.76080891873795
"t=709",-0.982716893590697,2.58890004774767,6.02268212218203,4.2583616333526
"t=710",1.69270203515591,2.17258834458791,5.054196276598,3.57358981846793
"t=711",-1.26214500646349,2.23820897616323,5.20685269335645,3.68152615231743
"t=712",2.58349857455347,2.14636641061452,4.99319493624575,3.5304585752661
"t=713",2.59855940268911,2.47676872861744,5.76182566631002,4.07392202638639
"t=714",1.61445375370008,2.52339211631532,5.87028788516156,4.150610674742
"t=715",0.608608898135338,2.2949688005442,5.33889579013605,3.77488775531559
"t=716",0.798122807802141,2.0119707739022,4.6805439324997,3.3093974247734
"t=717",-2.23670063291383,1.97258826368971,4.58892651359246,3.24461896001192
"t=718",3.98448581520478,2.35311571917236,5.4741657506687,3.87053092531718
"t=719",-1.25982917072358,2.9041629007204,6.75609318995919,4.77692288050786
"t=720",1.46723478778865,2.30582198062058,5.36414406253332,3.79273964792819
"t=721",-1.53818449810977,2.21174791173287,5.14529505237402,3.63800157451615
"t=722",-0.10379233591529,2.20760311704032,5.13565281805268,3.63118399393314
"t=723",0.866216119925524,1.87581975771599,4.3638093054464,3.08544893198638
"t=724",-2.60963572276443,1.94953752273636,4.53530247138059,3.2067038651509
"t=725",-2.03340496478087,2.46505416430907,5.73457351453593,4.05465328279561
"t=726",-0.395331229834795,2.38127849132462,5.53968215579221,3.91685456323683
"t=727",0.376770789664478,1.99189802212608,4.63384772907916,3.27638068621155
"t=728",-3.84253817449743,1.86535606971152,4.33946712710257,3.06823769682093
"t=729",4.4329110023598,2.9005398253034,6.74766465616534,4.77096345176748
"t=730",1.75370559911893,3.03000413526036,7.04884367839789,4.98391329156096
"t=731",-0.360969040068525,2.43184307632843,5.65731297061759,4.00002590427565
"t=732",0.96936242386978,1.99990008467463,4.65246331027692,3.28954290781762
"t=733",0.624071598329888,2.01162751850331,4.67974540103223,3.30883281988556
"t=734",1.45964639210328,1.93027899185558,4.49050042900892,3.17502640078188
"t=735",-1.33895009551235,2.12259780485331,4.93790089076425,3.4913626978722
"t=736",-2.30927544614383,2.13675208940489,4.97082868053939,3.51464442415377
"t=737",-0.40003485508082,2.39750563310537,5.57743213257561,3.94354583624995
"t=738",1.17563330591104,1.9977350462636,4.6474266777722,3.28598173653475
"t=739",1.22989589366454,2.06360666194183,4.8006669708649,3.39433090249625
"t=740",-1.14976154691402,2.09448836500218,4.8725085551261,3.44512678378149
"t=741",-0.740329364074392,2.08233351363627,4.84423214249173,3.42513383242722
"t=742",-1.53709736700405,1.9794255924885,4.60483251890764,3.25586536508527
"t=743",3.99724096265982,2.15498940827156,5.01325502851307,3.54464214423748
"t=744",-2.48375461821486,2.9193544451985,6.79143400715922,4.80191074754166
"t=745",4.11253905160194,2.56451944893409,5.9659643679642,4.21825911696683
"t=746",-2.41340390706986,2.93922129453152,6.83765120986897,4.83458880672317
"t=747",-1.04967786354579,2.55247256622036,5.93793912797431,4.19844375824169
"t=748",5.31034333054416,2.17747026825849,5.06555332935028,3.58161986832397
"t=749",0.199830077248984,3.39222551480124,7.89149661462495,5.57971444145814
"t=750",-0.873977965987984,2.23412667652524,5.19735584427242,3.67481136695158
"t=751",-3.48616017698926,2.05416129265224,4.77869375609852,3.37879465256236
"t=752",3.07444214874133,2.75317874841285,6.40485152822465,4.52857604997258
"t=753",1.46047730714311,2.6772853827993,6.22829715847577,4.40374257228159
"t=754",-0.64857671177853,2.29521586645457,5.3394705513914,3.77529414257437
"t=755",-4.21440076937186,2.02082133926877,4.70113342642428,3.32395530931717
"t=756",4.86811917721861,3.01410438971037,7.01185533913989,4.95776053742546
"t=757",-1.99987382933321,3.14441606850827,7.31500563607407,5.17210417493031
"t=758",-2.46922385911226,2.50373131553077,5.82455002305448,4.11827153526276
"t=759",1.62377869172771,2.49476893816426,5.80370041552154,4.10352973634535
"t=760",-2.74907282790105,2.29085623824669,5.32932853957838,3.76812319230447
"t=761",-1.18320269586698,2.53984757220858,5.90856899999522,4.17767749105117
"t=762",2.13812978469758,2.20303164997959,5.12501799537472,3.62366459975782
"t=763",-1.58574618956892,2.36102907057688,5.49257495888514,3.88354723007624
"t=764",2.76671693993168,2.25258007689749,5.24028487299723,3.70516450948346
"t=765",2.46664845774296,2.54065075300771,5.91043747793975,4.17899860590173
"t=766",-1.40597511436392,2.49981101499179,5.81543004023004,4.11182321470249
"t=767",-3.09148922935194,2.24257117678451,5.21700068949791,3.68870133383083
"t=768",3.79834874445131,2.63323932683078,6.12583070981353,4.33129325736887
"t=769",-3.69961868948848,2.85316918383035,6.63746406508258,4.69304568032953
"t=770",1.3371190783887,2.84075110539169,6.60857529470711,4.67261975896992
"t=771",2.63411725097602,2.30672617485138,5.36624753285987,3.79422691508819
"t=772",3.18981853537394,2.51015070423647,5.83948375432263,4.12883049005815
"t=773",-2.95999789501198,2.68145058656805,6.23798687140815,4.41059372280761
"t=774",-2.03079100908318,2.64069425688829,6.14317347050394,4.34355552611263
"t=775",-2.56465600678463,2.41380610485921,5.61535270038603,3.97035772633528
"t=776",-1.99424240677857,2.50586612892816,5.82951634166299,4.12178299082234
"t=777",-0.655485700742539,2.37961814256774,5.53581960699148,3.91412353256208
"t=778",4.80178406391768,2.04657867711384,4.76105395456109,3.36632235989224
"t=779",-1.90585489800586,3.23348014928409,7.52219967104029,5.31860155122552
"t=780",1.03256626772557,2.50253867053382,5.82177551590135,4.11630980881387
"t=781",-2.60241584566953,2.16106901378648,5.02739830587771,3.55464220541913
"t=782",-2.51157672578203,2.48389180331669,5.77839641599325,4.08563844164049
"t=783",-3.1484492508965,2.50238918164349,5.82142775273914,4.11606392147042
"t=784",0.855490171077376,2.66971456644976,6.21068480595626,4.39128968755006
"t=785",-2.25891988547667,2.16718290778693,5.04162135018777,3.56469866614057
"t=786",0.208454725582883,2.38806311258419,5.55546554503558,3.92801427212312
"t=787",-1.41033717564811,1.95530165820654,4.54871185567731,3.21618502428525
"t=788",2.01860786999627,2.11502969238172,4.92029482840548,3.47891426062413
"t=789",0.68820877519864,2.31349456894285,5.38199317206523,3.80535993265818
"t=790",-0.166913088726874,2.03480806257771,4.73367141045883,3.34696142188105
"t=791",1.54617129496333,1.83161242594366,4.26096767316082,3.01273434198281
"t=792",-0.169094486537903,2.12473517783848,4.94287316386434,3.49487836357901
"t=793",3.4041314616961,1.86243296233605,4.33266696247405,3.06342961305242
"t=794",-3.47606381685966,2.7352673303975,6.36318333900358,4.49911438908619
"t=795",2.97764884253255,2.77521549141539,6.4561166584594,4.56482326662652
"t=796",3.94647394879743,2.6566237297247,6.1802309657715,4.36975717728302
"t=797",-3.15954414516092,2.89426694922243,6.73307176423026,4.76064548879428
"t=798",-3.58084729451454,2.71430416886623,6.31441573274215,4.46463305680913
"t=799",-2.16872270867452,2.80038176192475,6.51466215835639,4.60621809795068
"t=800",1.88832146487252,2.47450584893394,5.75656142096909,4.07019992053162
"t=801",4.53179660518255,2.34837307392307,5.46313270797568,3.86272996807753
"t=802",-2.45694878983204,3.07854779587744,7.16177312007259,5.06376050779246
"t=803",-0.955584233411145,2.58527992723126,6.0142604625149,4.25240706499117
"t=804",-0.814716490370034,2.16597074025213,5.03880142682021,3.56270482797448
"t=805",-0.792382853105687,2.02124219144036,4.70211247497892,3.32464754953801
"t=806",1.86414723309918,1.97391855850593,4.59202124211003,3.2468071002653
"t=807",1.82346551967614,2.24484037429001,5.22227963229061,3.69243383157802
"t=808",-0.0150253494237725,2.28657619251321,5.3193716642855,3.76108314355623
"t=809",1.76623003936303,1.88324032903771,4.38107213576486,3.09765468563897
"t=810",1.33920329789666,2.19941914912071,5.11661406168169,3.61772256461773
"t=811",0.902637313997566,2.15551260694736,5.01447217064022,3.54550272947698
"t=812",-3.2283406426174,2.03893923262278,4.74328194911046,3.35375659191322
"t=813",-1.90960537118437,2.66801978647661,6.20674215816877,4.38850202256435
"t=814",-2.05020329197093,2.39168511373887,5.56389157972154,3.93397193385922
"t=815",-1.54141581324493,2.3717627275079,5.51754517886732,3.90120252460969
"t=816",0.943148753555391,2.24444438079079,5.22135841365555,3.69178248023457
"t=817",1.36771784002012,2.07293558585542,4.82236929317837,3.40967561683107
"t=818",2.51333370527925,2.13200862892703,4.95979374134113,3.50684212598246
"t=819",0.798915782264376,2.45485814920735,5.71085403648036,4.0378823303751
"t=820",1.9465597593721,2.09827827311874,4.88132519981588,3.45136062789284
"t=821",1.45624346642085,2.29079556826762,5.32918740010155,3.76802339906935
"t=822",0.744708075204196,2.20562708209484,5.13105587335822,3.62793370568608
"t=823",0.921208072256004,2.01646024495176,4.69098800393141,3.31678194751236
"t=824",-0.72544564311864,2.00426487191507,4.66261732379437,3.29672234394094
"t=825",-3.94930984515361,1.95253307870577,4.54227117664158,3.2116311162519
"t=826",-2.26035005705393,2.92661008714451,6.80831315437511,4.81384521651241
"t=827",-2.58446969751378,2.51721416852049,5.85591582944313,4.14044885490457
"t=828",-2.36104868254363,2.52557697104191,5.87537061730985,4.15420444096339
"t=829",-1.61096571068865,2.47151288627815,5.74959874865773,4.06527693505192
"t=830",-0.703691792651051,2.28282667942644,5.31064899248741,3.75491574335616
"t=831",-0.218425121399851,2.02943673674589,4.72117583802917,3.33812637710503
"t=832",-2.37990114557315,1.84142418384079,4.28379323528541,3.02887324754668
"t=833",-7.72802007492149,2.38178598354086,5.54086275923056,3.91768931364937
"t=834",9.13819052067937,4.30091253833704,10.005418739996,7.07437158788474
"t=835",0.303144920629118,4.11746288138243,9.57865102054609,6.77262375427995
"t=836",1.7442201420159,2.42305654340916,5.63687243844065,3.98557334373506
"t=837",-0.804037513763325,2.30366539739037,5.35912709972053,3.78919238418015
"t=838",-0.383183888377214,2.05769369025491,4.78691134175175,3.38460492957094
"t=839",2.36912379964945,1.88837787903398,4.39302386427645,3.10610520338397
"t=840",-0.458466327733958,2.38324139750347,5.54424855840832,3.92008325658448
"t=841",-2.89131141252042,2.00572619182018,4.66601686224891,3.29912600128699
"t=842",-1.77566954894923,2.5582244715002,5.95132006059374,4.20790480050312
"t=843",0.60085207051751,2.3391317685068,5.4416342167672,3.84752937334583
"t=844",0.733135661206273,2.02315507826764,4.70656251518286,3.32779396837382
"t=845",1.6812766870035,1.96007993833264,4.55982779749024,3.22404459568126
"t=846",1.4557978071908,2.19057216842596,5.09603290695078,3.6031705763344
"t=847",0.815041379215811,2.1822086939713,5.07657655593357,3.58941388504373
"t=848",-1.86361930380337,2.02594714254113,4.71305782796967,3.33238650542075
"t=849",0.422868699579188,2.25446497078273,5.24466979187996,3.70826488402703
"t=850",0.340025245687863,1.95929808403815,4.55800893241444,3.22275855980922
"t=851",-0.0284174618987467,1.84586772721779,4.29413046297372,3.03618222598686
"t=852",1.871477593984,1.73248612981172,4.03036542489275,2.84968609426393
"t=853",1.24725649666069,2.20429666929308,5.12796087036526,3.62574537136377
"t=854",2.29400008745578,2.13432337626961,4.96517864890049,3.51064954654439
"t=855",-3.15928771647982,2.39286684807788,5.56664070488879,3.93591571387284
"t=856",-0.358163514700537,2.66338860350183,6.19596841550108,4.3808844044512
"t=857",2.0857900845747,2.06677145412495,4.80802937843188,3.3995365223972
"t=858",1.01900218941645,2.32384807864256,5.40607903734401,3.82238994063942
"t=859",2.30683194114207,2.11159394741894,4.91230209041555,3.47326296306082
"t=860",3.63973789149822,2.39317538454498,5.56735846804309,3.9364232111998
"t=861",-0.862024122455126,2.80049966637748,6.51493644512934,4.60641203351739
"t=862",0.773922920230217,2.20207634473633,5.12279562305299,3.62209326246359
"t=863",0.00798656571235434,2.02213120084613,4.70418062012005,3.3261098398835
"t=864",-1.79454040345543,1.79172179910272,4.16816819821525,2.94712009974213
"t=865",1.194297097709,2.19063830298954,5.09618675895216,3.60327935801117
"t=866",-1.63003293655733,2.11806218170822,4.92734945350321,3.48390226169151
"t=867",-0.988768814138721,2.2102955293899,5.14191630579817,3.6356126181516
"t=868",2.40848851128086,2.07428408008708,4.82550635986734,3.41189369245893
"t=869",0.214212515361132,2.41730861862576,5.62350076584063,3.97611884880763
"t=870",1.61291861666915,1.96549633728657,4.57242822568167,3.23295377914565
"t=871",1.94061222674793,2.17272228811199,5.05450787583049,3.57381013595931
"t=872",1.26378606020339,2.30300301656453,5.35758617149454,3.78810286467635
"t=873",-4.72305136172666,2.16279931127192,5.03142357975442,3.55748829151376
"t=874",-5.00318984579619,3.17412542772122,7.38411994071824,5.22097172218615
"t=875",-2.88842480180993,3.1791129707071,7.39572270074013,5.22917550035605
"t=876",-3.62474285254718,2.69207030341151,6.26269202710986,4.42806160257478
"t=877",-0.897680829776808,2.810229115275,6.53757052788767,4.62241555282471
"t=878",-1.95697518526896,2.21154993393127,5.14483448713618,3.63767593001115
"t=879",-1.76992618673377,2.31458043361386,5.38451927103414,3.80714602110067
"t=880",-2.33879277537691,2.28734468307823,5.32115944067765,3.76234719804938
"t=881",0.607337641171977,2.42809896203048,5.64860285828039,3.99386738429295
"t=882",-1.3079932391272,2.05013271246084,4.76932187713486,3.37216822782307
"t=883",4.89373234835624,2.11106321980284,4.91106743335415,3.47238999381655
"t=884",-2.17831703928479,3.25092518849416,7.5627829009192,5.34729608724251
"t=885",2.49699964310823,2.55900848661667,5.95314395249317,4.20919439061103
"t=886",4.40041144988591,2.51009075989978,5.83934430294241,4.12873189039853
"t=887",2.90364400550912,3.02505287272532,7.0373253193257,4.97576918942222
"t=888",-1.47960059943385,2.6731743796545,6.2187335350497,4.39698057384846
"t=889",-0.453315351619722,2.29839348939407,5.3468628077612,3.78052086719148
"t=890",-1.07924480374524,1.97925570342751,4.60443729785179,3.25558592244712
"t=891",1.45840999741272,2.03386257877038,4.7314718862137,3.34540623941134
"t=892",-0.432656499898202,2.14635187263992,4.99316111585946,3.53043466242586
"t=893",0.658360968256906,1.9278995679912,4.48496506136059,3.17111259680851
"t=894",-1.73005863019691,1.91262019386637,4.44941992184861,3.14598026286173
"t=895",0.0161531653217156,2.19472280822593,5.10568873902534,3.60999777126354
"t=896",-1.24665565815458,1.85297260402552,4.31065887803069,3.04786870837309
"t=897",-1.21452617189614,2.04509050445028,4.75759194724902,3.36387453368906
"t=898",1.26531531502052,2.08584529266129,4.85240176216068,3.43091019489357
"t=899",-0.0344559573146955,2.10908355021749,4.90646203322296,3.46913372711892
"t=900",0.349364237233745,1.82780263563589,4.2521047755778,3.00646779457715
"t=901",0.818353550928692,1.80319373847923,4.19485591999491,2.96598976083374
"t=902",1.16860980145094,1.91517982554979,4.45537451557367,3.15019048231986
"t=903",-4.4825955225062,2.04010070178425,4.74598393042503,3.35566703867607
"t=904",-2.41767936671379,3.11129518758224,7.23795494514543,5.1176251738113
"t=905",2.70468924797915,2.58263659000185,6.00811114057089,4.24805916216212
"t=906",-2.78806950330167,2.56476772342459,5.96654194079736,4.21866749216301
"t=907",1.35545691578846,2.58323452154705,6.00950213734988,4.24904267203291
"t=908",-2.28509256796308,2.25088629815137,5.2363445544121,3.70237849136966
"t=909",3.93651528052099,2.40814725859525,5.60218825541034,3.96104975253364
"t=910",-5.5598521146863,2.8885028142493,6.71966238108984,4.75116433047749
"t=911",-2.92996469655131,3.34019617826271,7.7704582781808,5.49413379854487
"t=912",0.449598394906867,2.72436815230837,6.33782805922714,4.4811868364755
"t=913",3.04899838223035,2.10156141098849,4.88896292061935,3.45676090912568
"t=914",-8.57236021709912,2.61249946890517,6.07758258542037,4.29717922683747
"t=915",7.28671855108176,4.50403447014887,10.4779510142375,7.40847743413883
"t=916",-4.99921228395006,3.69497342021529,8.59579356075525,6.0776904317304
"t=917",-3.09366932724129,3.19492091398373,7.43249747597467,5.25517725318925
"t=918",1.46310742493491,2.73800879237603,6.36956093324912,4.50362369276474
"t=919",-0.445258763939139,2.30945951733889,5.3726062383447,3.79872286339246
"t=920",-0.446965903225631,1.98086520994925,4.60818156992689,3.25823332508701
"t=921",-0.986475482518396,1.87827309506735,4.36951662157804,3.0894843128269
"t=922",-0.70781634745978,1.98173125523542,4.61019629253721,3.25965784281708
"t=923",2.81705583047666,1.94140098446137,4.51637405286251,3.19332045065845
"t=924",0.0208032530575573,2.53109874739365,5.88821618998665,4.16328695482277
"t=925",-0.71832320623826,1.96215826542819,4.56466270931054,3.22746313954237
"t=926",0.839704599812185,1.93802409626869,4.5085182361946,3.18776596386691
"t=927",-2.41613334078153,1.96112074519009,4.56224907631036,3.22575657061569
"t=928",-0.0704707795424036,2.40593706772184,5.59704658257075,3.95741431205925
"t=929",-1.40593208839058,1.93291115292441,4.49662375131554,3.17935592046267
"t=930",4.81884199760272,2.10850892239406,4.90512524900757,3.46818854845942
"t=931",4.7646265873005,3.22288807438639,7.49755882012036,5.3011791384131
"t=932",4.09005678884609,3.12124805648315,7.26110878055368,5.13399618632154
"t=933",1.30765561153884,2.95476730055793,6.87381662793833,4.86015971112032
"t=934",0.806049040868127,2.32689856945554,5.41317554016157,3.82740755151714
"t=935",-0.221913742773254,2.06461671703397,4.80301671038116,3.39599229527797
"t=936",-0.499205455606717,1.85405986797044,4.31318823219749,3.04965709841635
"t=937",2.39313820299225,1.8492727262538,4.30205167524223,3.041782951001
"t=938",-2.29192436473401,2.38683942569705,5.5526188236472,3.92600148630857
"t=939",-4.48654597236201,2.43166300929014,5.65689407204587,3.99972972035462
"t=940",-4.33093740225124,3.05635230115367,7.11013867810867,5.02725216779409
"t=941",5.23009160878705,3.00920152226603,7.00044956388405,4.94969603812718
"t=942",-0.569382151163746,3.24043319221238,7.53837486767464,5.33003828910447
"t=943",-3.46336526172769,2.25858746728219,5.25426015284722,3.71504578734626
"t=944",-0.549511190082024,2.74499685715431,6.38581760288971,4.51511803646065
"t=945",2.38290669737465,2.1265212860995,4.94702827302016,3.49781625023027
"t=946",1.08489923594611,2.41685050750941,5.62243504001904,3.97536532307636
"t=947",-0.518142366363,2.1505795802078,5.00299623437206,3.53738862255257
"t=948",-0.511200729764348,1.94849384365159,4.53287451076054,3.20498716582293
"t=949",-2.19940512276143,1.88314028880197,4.38083940737511,3.09749013409436
"t=950",-0.776781708928109,2.32958821676483,5.41943259546145,3.83183162764904
"t=951",1.86211710229256,2.05888768343694,4.78968898525239,3.38656887358696
"t=952",-3.9247709709712,2.26031093286491,5.25826953334154,3.71788063596091
"t=953",1.15602026634324,2.88875661112219,6.72025280090554,4.75158178918439
"t=954",-1.24951762149578,2.28166199941327,5.30793954161483,3.75300001521226
"t=955",3.18332900696609,2.15415647826126,5.01131734355438,3.54327209628904
"t=956",-0.0326255819187726,2.65628589018746,6.17944503348229,4.36920148069487
"t=957",4.00831931430262,2.00244915203218,4.65839332770494,3.29373575050603
"t=958",4.23773950889907,2.94086679467013,6.84147921561815,4.83729541359431
"t=959",0.800867948790108,2.98099278592235,6.93482623006155,4.90329679584056
"t=960",0.39738124006512,2.23579294478875,5.20123216390481,3.67755213434828
"t=961",-0.369341353072746,1.94799624678308,4.53171692734334,3.204168691809
"t=962",0.232397463831905,1.84900847048473,4.30143692439566,3.04134828894081
"t=963",-0.387237401665936,1.78213231445289,4.14585972098695,2.93134680113525
"t=964",-1.39250933815469,1.79674247974153,4.17984804794557,2.95537838450064
"t=965",-2.37686331434166,2.07233024364645,4.82096105661746,3.40867991750309
"t=966",-0.6255487599491,2.40785506741202,5.60150851707243,3.96056914080615
"t=967",-2.48588067248074,2.04822210365101,4.764877136392,3.36902555599255
"t=968",-3.50957471185359,2.43692511283464,5.6691355554396,4.00838511045518
"t=969",-2.64131355783478,2.76451434179194,6.43122206178309,4.54722144185583
"t=970",1.44650179508248,2.57573152552686,5.99204755850938,4.2367013418161
"t=971",-2.98538425541368,2.26909137204316,5.27869588935701,3.73232317318948
"t=972",0.626922561381399,2.60439166061569,6.05872100284301,4.28384306896589
"t=973",-0.914980807874404,2.1034689744905,4.89340057691684,3.45989857187059
"t=974",-0.0412100856445385,2.02731175829475,4.71623239892699,3.33463109859249
"t=975",-2.97972749240004,1.80091521160001,4.18955527383349,2.96224191763235
"t=976",-0.979024090043069,2.58438502691849,6.01217861307481,4.25093508496596
"t=977",1.57406805749905,2.17065638378147,5.0497018636832,3.57041202572832
"t=978",-2.55125069544338,2.2074325775423,5.13525608385403,3.63090348142129
"t=979",0.0639913034320434,2.47489901337196,5.75747605822363,4.07084661848348
"t=980",1.18928458009805,1.9532071787483,4.54383936784243,3.2127399121518
"t=981",-0.517262935275831,2.05554284797329,4.78190773438252,3.38106710884303
"t=982",0.810191819427779,1.91871481509507,4.46359813098708,3.15600502269465
"t=983",-1.286635833097,1.94790704426041,4.53150941124438,3.20402196671605
"t=984",1.11402696003683,2.07998691394413,4.83877313528671,3.42127401941261
"t=985",-0.710474359346478,2.06963407086406,4.81468882079711,3.4042451079231
"t=986",1.43247024415267,1.96855316481417,4.57953946990182,3.23798181299139
"t=987",0.34293499025901,2.1241411733117,4.94149130269628,3.4939013130787
"t=988",-2.8840294857693,1.9007289905894,4.42175684638544,3.12642097402278
"t=989",-2.86784479350554,2.55168998437198,5.93611857035506,4.19715652565
"t=990",-3.78071775648964,2.60180712691264,6.05270847835752,4.27959188933044
"t=991",-5.93049736286987,2.84706721843978,6.62326877086875,4.68300884042531
"t=992",3.21288067408698,3.45492094253448,8.03734798964427,5.68283924315844
"t=993",2.79168788025375,2.79808294834673,6.50931431827633,4.60243688609918
"t=994",0.0282316480787842,2.61569879889988,6.08502533995193,4.30244165638308
"t=995",4.30107828813021,1.98941308813053,4.62806690816149,3.27229333351624
"t=996",3.72805479101555,3.05310957117644,7.10259496012006,5.02191835162982
"t=997",-1.3841433346791,2.864117094191,6.66293271307527,4.71105339039378
"t=998",1.8880907196206,2.32158592628567,5.40081648401781,3.81866903113048
"t=999",0.849599386642985,2.31810059486929,5.39270839068699,3.81293617110913
"t=1000",2.19060784059427,2.07187664826174,4.81990583595855,3.40793381948938
